CP-NRONATIDENT;NUVA;Label
CP-NRONATIDENT-0433213;VAC0165;VAQTA 25 U/0,5 mL
CP-NRONATIDENT-0870298;VAC0595;FLUCELVAX TETRA
CP-NRONATIDENT-0436294;VAC0174;PROQUAD
CP-NRONATIDENT-0843516;VAC0582;TRUMENBA
CP-NRONATIDENT-0206067;VAC0049;HAVRIX 1440 U/1mL
CP-NRONATIDENT-0844561;VAC0009;HBVAXPRO 10 µg
CP-NRONATIDENT-0892006;VAC0123;PREVENAR 13
CP-NRONATIDENT-0435381;VAC0017;M-M-RVAXPRO
CP-NRONATIDENT-0039604;VAC0046;ENGERIX B 20 µg
CP-NRONATIDENT-0784995;VAC0521;FLUENZ TETRA
CP-NRONATIDENT-0205459;VAC0045;ENGERIX B 10 µg
CP-NRONATIDENT-0742107;VAC0121;PRIORIX-TETRA
CP-NRONATIDENT-0251935;VAC0053;PRIORIX
CP-NRONATIDENT-0258872;VAC0003;AVAXIM 160 U
CP-NRONATIDENT-0434594;VAC0023;PENTAVAC
CP-NRONATIDENT-0686316;VAC0495;BEXSERO
CP-NRONATIDENT-0822291;VAC0336;PNEUMOVAX
CP-NRONATIDENT-0374157;VAC0061;VARIVAX
CP-NRONATIDENT-0837309;VAC0028;RABIPUR
CP-NRONATIDENT-0436019;VAC0161;ZOSTAVAX
CP-NRONATIDENT-0521638;VAC0073;IXIARO
CP-NRONATIDENT-0652031;VAC0486;NIMENRIX
CP-NRONATIDENT-0232215;VAC0058;TWINRIX 10 µg
CP-NRONATIDENT-0906292;VAC0031;ROTATEQ
CP-NRONATIDENT-0230224;VAC0050;HAVRIX 720 U/0,5 mL
CP-NRONATIDENT-0395742;VAC0039;TICOVAC 0,25 mL
CP-NRONATIDENT-0253876;VAC0037;TETRAVAC-ACELLULAIRE
CP-NRONATIDENT-0436327;VAC0010;HBVAXPRO 40 µg
CP-NRONATIDENT-0756679;VAC0563;ALPHA-RIX-TETRA
CP-NRONATIDENT-0432846;VAC0030;REVAXIS
CP-NRONATIDENT-0462506;VAC0019;MENINGITEC
CP-NRONATIDENT-0467516;VAC0044;CERVARIX
CP-NRONATIDENT-0228162;VAC0057;TWINRIX 20 µg
CP-NRONATIDENT-0837621;VAC0560;VAXIGRIPTETRA
CP-NRONATIDENT-0886821;VAC0514;ROTARIX
CP-NRONATIDENT-0472614;VAC0041;TYPHIM VI
CP-NRONATIDENT-0057146;VAC0016;INFLUVAC
CP-NRONATIDENT-0433065;VAC0166;VAQTA 50 U
CP-NRONATIDENT-0312526;VAC0022;NEISVAC
CP-NRONATIDENT-0822743;VAC0523;GARDASIL 9
CP-NRONATIDENT-0056202;VAC0013;IMOVAX POLIO
CP-NRONATIDENT-0293563;VAC0541;BOOSTRIX
CP-NRONATIDENT-0883461;VAC0480;FENDRIX
CP-NRONATIDENT-0432944;VAC0035;STAMARIL
CP-NRONATIDENT-0844544;VAC0562;INFLUVAC TETRA
CP-NRONATIDENT-0843291;VAC0479;TRIAXIS
CP-NRONATIDENT-0125022;VAC0060;VARILRIX
CP-NRONATIDENT-0182984;VAC0001;ACT-HIB
CP-NRONATIDENT-0433017;VAC0736;TRIAXIS POLIO
CP-NRONATIDENT-0617479;VAC0141;MENVEO
CP-NRONATIDENT-0375283;VAC0005;DUKORAL
CP-NRONATIDENT-0756164;VAC0510;HEXYON
