SCT_NUVA,NUVA,Label
SCT_NUVA-61002000105,VAC0001,ACT-HIB
SCT_NUVA-81002000100,VAC0002,AGRIPPAL
SCT_NUVA-101002000100,VAC0003,AVAXIM 160 U
SCT_NUVA-141002000103,VAC0004,D.T. POLIO MERIEUX
SCT_NUVA-161002000104,VAC0005,DUKORAL
SCT_NUVA-171002000109,VAC0006,FLUVIRINE
SCT_NUVA-231002000102,VAC0007,GARDASIL
SCT_NUVA-241002000105,VAC0008,GRIPGUARD
SCT_NUVA-261002000109,VAC0009,HBVAXPRO 10 µg
SCT_NUVA-281002000101,VAC0010,HBVAXPRO 40 µg
SCT_NUVA-301002000102,VAC0011,HBVAXPRO 5 µg
SCT_NUVA-311002000104,VAC0012,IMMUGRIP
SCT_NUVA-321002000105,VAC0013,IMOVAX POLIO
SCT_NUVA-341002000100,VAC0014,INFANRIX HEXA
SCT_NUVA-351002000103,VAC0015,INFANRIXQUINTA
SCT_NUVA-361002000101,VAC0016,INFLUVAC
SCT_NUVA-401002000109,VAC0017,M-M-RVAXPRO
SCT_NUVA-451002000108,VAC0018,MENCEVAX ACWY
SCT_NUVA-471002000100,VAC0019,MENINGITEC
SCT_NUVA-481002000102,VAC0020,MENJUGATEKIT 10 µg
SCT_NUVA-491002000104,VAC0021,MUTAGRIP
SCT_NUVA-511002000108,VAC0022,NEISVAC
SCT_NUVA-521002000102,VAC0023,PENTAVAC
SCT_NUVA-761002000100,VAC0024,PNEUMO 23
SCT_NUVA-841002000109,VAC0025,PREVENAR
SCT_NUVA-851002000106,VAC0026,PREVIGRIP
SCT_NUVA-861002000108,VAC0027,R.O.R. VAX
SCT_NUVA-881002000100,VAC0028,RABIPUR
SCT_NUVA-911002000100,VAC0029,REPEVAX
SCT_NUVA-921002000106,VAC0030,REVAXIS
SCT_NUVA-941002000101,VAC0031,ROTATEQ
SCT_NUVA-951002000104,VAC0032,ROUVAX
SCT_NUVA-961002000102,VAC0033,RUDIVAX
SCT_NUVA-981002000105,VAC0034,SPIROLEPT
SCT_NUVA-1001002000100,VAC0035,STAMARIL
SCT_NUVA-1011002000102,VAC0036,TETAGRIP
SCT_NUVA-1021002000108,VAC0037,TETRAVAC-ACELLULAIRE
SCT_NUVA-1041002000103,VAC0038,"TICOVAC 0,5 mL"
SCT_NUVA-1061002000104,VAC0039,"TICOVAC 0,25 mL"
SCT_NUVA-1091002000105,VAC0040,TYAVAX
SCT_NUVA-1101002000101,VAC0041,TYPHIM VI
SCT_NUVA-1121002000109,VAC0042,VACCIN BCG SSI
SCT_NUVA-1131002000107,VAC0043,BOOSTRIXTETRA
SCT_NUVA-1151002000102,VAC0044,CERVARIX
SCT_NUVA-1161002000100,VAC0045,ENGERIX B 10 µg
SCT_NUVA-1181002000108,VAC0046,ENGERIX B 20 µg
SCT_NUVA-1191002000106,VAC0047,FLUARIX
SCT_NUVA-1201002000109,VAC0048,GENHEVAC B PASTEUR
SCT_NUVA-1211002000107,VAC0049,HAVRIX 1440 U/1mL
SCT_NUVA-1231002000103,VAC0050,"HAVRIX 720 U/0,5 mL"
SCT_NUVA-1241002000106,VAC0051,INFANRIXTETRA
SCT_NUVA-1251002000108,VAC0052,VACCIN MENINGOCOCCIQUE A+C
SCT_NUVA-1261002000105,VAC0053,PRIORIX
SCT_NUVA-1281002000102,VAC0054,VACCIN RABIQUE PASTEUR
SCT_NUVA-1291002000104,VAC0056,VACCIN TETANIQUE PASTEUR
SCT_NUVA-1311002000100,VAC0057,TWINRIX 20 µg
SCT_NUVA-1331002000109,VAC0058,TWINRIX 10 µg
SCT_NUVA-1341002000101,VAC0059,TYPHERIX
SCT_NUVA-1361002000102,VAC0060,VARILRIX
SCT_NUVA-1371002000107,VAC0061,VARIVAX
SCT_NUVA-1381002000105,VAC0062,VAXIGRIP
SCT_NUVA-1401002000105,VAC0063,TETRACOQ
SCT_NUVA-1411002000108,VAC0064,PENTACOQ
SCT_NUVA-1421002000102,VAC0066,DTCP PASTEUR
SCT_NUVA-1431002000104,VAC0067,HAVRIX 360 U
SCT_NUVA-1441002000107,VAC0068,MONOVAX
SCT_NUVA-1451002000109,VAC0069,MENOMUNE
SCT_NUVA-1461002000106,VAC0070,DT BIS
SCT_NUVA-1471002000101,VAC0071,D.T. BIS - RUDIVAX
SCT_NUVA-1491002000100,VAC0072,JE-VAX
SCT_NUVA-1511002000109,VAC0073,IXIARO
SCT_NUVA-1521002000103,VAC0074,D.T. COQ MERIEUX
SCT_NUVA-1531002000100,VAC0076,DTVax
SCT_NUVA-1541002000108,VAC0077,IMOVAX OREILLONS
SCT_NUVA-1551002000105,VAC0078,RUDI-ROUVAX
SCT_NUVA-1571002000102,VAC0079,ENCEPUR
SCT_NUVA-1581002000104,VAC0080,BCG PASTEUR
SCT_NUVA-1601002000107,VAC0082,MENBVAC
SCT_NUVA-1641002000109,VAC0083,SYNFLORIX
SCT_NUVA-1661002000108,VAC0084,"H5N1 pre-pandemic influenza vaccine, unspecified"
SCT_NUVA-1671002000103,VAC0085,T POLIO MERIEUX
SCT_NUVA-1681002000100,VAC0086,TETAVAX
SCT_NUVA-1691002000102,VAC0087,VAXICOQ
SCT_NUVA-1701002000102,VAC0088,"DTIPV vaccine, unspecified"
SCT_NUVA-1721002000105,VAC0090,VACCIN BRUCELLIQUE P.I. à usage humain
SCT_NUVA-1741002000100,VAC0091,VACCIN CCB PASTEUR
SCT_NUVA-1761002000101,VAC0092,VACCIN CHOLERIQUE PASTEUR
SCT_NUVA-1791002000107,VAC0093,VACCIN DT TAB PASTEUR
SCT_NUVA-1831002000102,VAC0094,VACCIN SABIN POLIOVAC MERIEUX
SCT_NUVA-1841002000105,VAC0095,VACCIN TAB PASTEUR
SCT_NUVA-1851002000107,VAC0096,VACCIN GRIPPAL RONCHESE (VGR)
SCT_NUVA-1861002000109,VAC0097,VACCIN LEPTOSPIRES ICTEROHEMORRAGIAE PASTEUR
SCT_NUVA-1871002000104,VAC0098,HEXAVAC
SCT_NUVA-1881002000101,VAC0099,MENINVACT
SCT_NUVA-1901002000104,VAC0101,"Hepatitis B vaccine, recombinant, unspecified"
SCT_NUVA-1911002000101,VAC0102,"Inactivated hepatitis A vaccine, unspecified"
SCT_NUVA-1961002000103,VAC0103,MENACTRA
SCT_NUVA-1981002000106,VAC0104,HUMENZA
SCT_NUVA-1991002000109,VAC0105,PANENZA
SCT_NUVA-2001002000106,VAC0106,Q-Pan H1N1
SCT_NUVA-2011002000109,VAC0107,CELVAPAN
SCT_NUVA-2021002000103,VAC0108,PANDEMRIX
SCT_NUVA-2031002000100,VAC0109,FOCETRIA (unidose)
SCT_NUVA-2051002000105,VAC0110,"Influenza vaccine, unspecified"
SCT_NUVA-2061002000107,VAC0111,"Yellow fever vaccine, unspecified"
SCT_NUVA-2081002000104,VAC0112,"Typhoid vaccine, unspecified"
SCT_NUVA-2091002000101,VAC0113,"Rubella vaccine, live attenuated, unspecified"
SCT_NUVA-2101002000105,VAC0114,"Live attenuated measles vaccine, unspecified"
SCT_NUVA-2111002000108,VAC0115,AVAXIM 80 U PEDIATRIQUE
SCT_NUVA-2121002000102,VAC0116,R.O.R SANOFI PASTEUR
SCT_NUVA-2131002000104,VAC0120,VACCIN VARICELLE MERIEUX
SCT_NUVA-2141002000107,VAC0121,PRIORIX-TETRA
SCT_NUVA-2181002000103,VAC0123,PREVENAR 13
SCT_NUVA-2191002000100,VAC0124,FOCETRIA (multidose)
SCT_NUVA-2201002000102,VAC0125,AREPANRIX
SCT_NUVA-2221002000105,VAC0126,HEVAC B
SCT_NUVA-2231002000108,VAC0127,HB VAX DNA 5 µg
SCT_NUVA-2241002000100,VAC0128,HB VAX DNA 10 µg
SCT_NUVA-2251002000103,VAC0129,HB VAX DNA 40 µg
SCT_NUVA-2261002000101,VAC0130,"MMR vaccine, live attenuated, unspecified"
SCT_NUVA-2281002000109,VAC0131,"Rabies vaccine, unspecified"
SCT_NUVA-2291002000107,VAC0132,"Tetanus vaccine, unspecified"
SCT_NUVA-2311002000106,VAC0133,"Smallpox vaccine, unspecified"
SCT_NUVA-2321002000100,VAC0134,"BCG vaccine, unspecified"
SCT_NUVA-2341002000105,VAC0135,"Polio vaccine, unspecified"
SCT_NUVA-2351002000107,VAC0136,"DTwP - Diphtheria-Tetanus-Pertussis, unspecified"
SCT_NUVA-2361002000109,VAC0137,"DT vaccine, unspecified"
SCT_NUVA-2391002000103,VAC0138,"Diphtheria-Tetanus-Pertussis-Polio vaccine, unspecified"
SCT_NUVA-2401002000101,VAC0139,PENT-HIBEST
SCT_NUVA-2411002000103,VAC0140,INTANZA
SCT_NUVA-2451002000102,VAC0141,MENVEO
SCT_NUVA-2471002000105,VAC0143,"Haemophilus influenzae B (or Hib) vaccine, unspecified"
SCT_NUVA-2491002000106,VAC0144,"Cholera vaccine, unspecified"
SCT_NUVA-2511002000102,VAC0145,"Tick-borne encephalitis vaccine, unspecified"
SCT_NUVA-2531002000106,VAC0146,"Live attenuated Japanese Encephalitis vaccine 14-14-2 strain, unspecified"
SCT_NUVA-2541002000103,VAC0147,"Influenza A(H1N1)2009 vaccine, unspecified"
SCT_NUVA-2551002000101,VAC0148,"Leptospirosis vaccine, unspecified"
SCT_NUVA-2561002000104,VAC0149,"Meningococcal B:14:P1.7,16 vaccine, unspecified"
SCT_NUVA-2581002000107,VAC0150,"Meningococcal conjugate vaccine C, unspecified"
SCT_NUVA-2591002000105,VAC0151,"Meningococcal A + C vaccine, unspecified"
SCT_NUVA-2601002000104,VAC0152,"Unconjugated meningococcal vaccine ACWY, unspecified"
SCT_NUVA-2611002000101,VAC0153,"Mumps vaccine, unspecified"
SCT_NUVA-2631002000105,VAC0154,"Malaria vaccine, unspecified"
SCT_NUVA-2651002000100,VAC0155,"Dengue vaccine, unspecified"
SCT_NUVA-2671002000108,VAC0156,HPV Vaccine
SCT_NUVA-2681002000106,VAC0157,"Pneumococcal vaccine, unspecified"
SCT_NUVA-2701002000109,VAC0158,"Rotavirus vaccine, unspecified"
SCT_NUVA-2711002000107,VAC0159,"Chickenpox vaccine, unspecified"
SCT_NUVA-2731002000103,VAC0160,"Live attenuated shingles vaccine, unspecified"
SCT_NUVA-2741002000106,VAC0161,ZOSTAVAX
SCT_NUVA-2761002000105,VAC0162,"Brucellosis vaccine, unspecified"
SCT_NUVA-2771002000100,VAC0163,"Whole-cell inactivated pertussis vaccine, unspecified"
SCT_NUVA-2781002000102,VAC0164,INTANZA 9 µg
SCT_NUVA-2791002000104,VAC0165,"VAQTA 25 U/0,5 mL"
SCT_NUVA-2801002000103,VAC0166,VAQTA 50 U
SCT_NUVA-2811002000100,VAC0168,AMBIRIX
SCT_NUVA-2821002000106,VAC0169,OPTAFLU
SCT_NUVA-2831002000109,VAC0170,AFLUNOV
SCT_NUVA-2841002000101,VAC0171,PREPANDEMIC INFLUENZA VACCINE (H5N1) NOVARTIS
SCT_NUVA-2851002000104,VAC0172,DIFTAVAX
SCT_NUVA-2871002000107,VAC0173,FLUENZ
SCT_NUVA-2881002000105,VAC0174,PROQUAD
SCT_NUVA-2891002000108,VAC0175,A.D.T. BOOSTER
SCT_NUVA-2901002000107,VAC0176,A.K.D.S.
SCT_NUVA-2911002000105,VAC0177,AC VAX
SCT_NUVA-2921002000104,VAC0178,ACEL-IMUNE
SCT_NUVA-2931002000101,VAC0179,ACELLULAR D.P.T. KOVAX
SCT_NUVA-2941002000109,VAC0180,ACTACEL
SCT_NUVA-2951002000106,VAC0182,ADACEL
SCT_NUVA-2961002000108,VAC0183,AIMMUGEN
SCT_NUVA-2971002000103,VAC0184,ALDIANA
SCT_NUVA-2981002000100,VAC0185,ALDITEANA
SCT_NUVA-2991002000102,VAC0186,ALDITERPERA
SCT_NUVA-3001002000101,VAC0187,AMARIL
SCT_NUVA-3011002000103,VAC0188,QUIMI-HIB
SCT_NUVA-3021002000109,VAC0189,ANADIFTERALL
SCT_NUVA-3031002000107,VAC0190,ANATETALL
SCT_NUVA-3041002000104,VAC0191,ARILVAX
SCT_NUVA-3051002000102,VAC0192,ATTENUVAX
SCT_NUVA-3071002000105,VAC0193,"AVAC-1, AVA"
SCT_NUVA-3091002000106,VAC0194,B-CAPSA
SCT_NUVA-3101002000102,VAC0195,BEGRIVAC
SCT_NUVA-3111002000104,VAC0196,BIAVAX
SCT_NUVA-3121002000105,VAC0197,BIAVAX II
SCT_NUVA-3131002000108,VAC0198,BIKEN-HB
SCT_NUVA-3141002000100,VAC0199,BIMMUGEN
SCT_NUVA-3151002000103,VAC0200,BIOTHRAX
SCT_NUVA-3161002000101,VAC0201,BIVIRATEN BERNA
SCT_NUVA-3181002000109,VAC0202,BVAC
SCT_NUVA-3191002000107,VAC0203,C.D.T.
SCT_NUVA-3201002000105,VAC0204,CAM-KOVAX
SCT_NUVA-3211002000108,VAC0205,CD.JEVAX
SCT_NUVA-3221002000102,VAC0206,CELLUVAX
SCT_NUVA-3231002000104,VAC0207,CENDEVAX
SCT_NUVA-3241002000107,VAC0208,CERTIVA
SCT_NUVA-3261002000106,VAC0209,COMVAX
SCT_NUVA-3271002000101,VAC0210,D.S.D.P.T.
SCT_NUVA-3281002000103,VAC0211,DAPTACEL
SCT_NUVA-3291002000100,VAC0212,DI TE PER POL IMPFSTOFF
SCT_NUVA-3301002000104,VAC0213,DI-TE-POL
SCT_NUVA-3311002000101,VAC0214,DIF-TET-ALL
SCT_NUVA-3321002000107,VAC0216,ANATOXAL DI TE
SCT_NUVA-3331002000105,VAC0217,DITOXIM
SCT_NUVA-3341002000102,VAC0218,DOUBLE ANIGEN B.
SCT_NUVA-3361002000103,VAC0219,DRYVAX
SCT_NUVA-3371002000108,VAC0220,DT MERIEUX
SCT_NUVA-3381002000106,VAC0222,TRIPVAC
SCT_NUVA-3391002000109,VAC0223,DUAL ANTIGEN SII
SCT_NUVA-3401002000106,VAC0224,ECOLARIX
SCT_NUVA-3411002000109,VAC0225,EIPV
SCT_NUVA-3421002000103,VAC0226,"Diptheria, Tetanus and Acellular Pertussis Combined Walvax vaccine"
SCT_NUVA-3441002000108,VAC0227,EPAXAL
SCT_NUVA-3451002000105,VAC0228,ERVEVAX RA 27/3
SCT_NUVA-3461002000107,VAC0229,FLU SHIELD
SCT_NUVA-3471002000102,VAC0230,FLUAD
SCT_NUVA-3481002000104,VAC0231,FLUKOVAX
SCT_NUVA-3491002000101,VAC0232,FLULAVAL
SCT_NUVA-3501002000107,VAC0233,FLUMIST
SCT_NUVA-3521002000104,VAC0234,FLUOGEN
SCT_NUVA-3531002000101,VAC0235,FLUVIRIN
SCT_NUVA-3551002000106,VAC0236,FLUZONE HIGH-DOSE
SCT_NUVA-3561002000108,VAC0238,FUNED-CEME
SCT_NUVA-3571002000103,VAC0240,GUNEVAX
SCT_NUVA-3581002000100,VAC0241,HAEMOPHILUS INFLUENZAE B CONJUGATE VACCINE - SERUM INSTITUTE OF INDIA
SCT_NUVA-3591002000102,VAC0242,HBY
SCT_NUVA-3601002000108,VAC0243,HEPA-B INJECTION
SCT_NUVA-3611002000106,VAC0244,HEPRECOMB
SCT_NUVA-3631002000102,VAC0245,HEPTAVAX B
SCT_NUVA-3641002000105,VAC0246,HIBERNA PRODUCTSIX
SCT_NUVA-3661002000109,VAC0247,HIBTITER
SCT_NUVA-3671002000104,VAC0248,HINKUYS KAROKOE
SCT_NUVA-3681002000101,VAC0249,RUBELLA VACCINE HPV-77
SCT_NUVA-3691002000103,VAC0251,HUMOTET-ANTI TETANUS
SCT_NUVA-3711002000100,VAC0252,VAXIGRIP ENFANTS
SCT_NUVA-3721002000106,VAC0253,VAXIRAB N
SCT_NUVA-3731002000109,VAC0254,IMOVAX D.T.
SCT_NUVA-3741002000101,VAC0255,IMOVAX GRIPPE
SCT_NUVA-3751002000104,VAC0256,IMOVAX MUMPS
SCT_NUVA-3761002000102,VAC0257,IMOVAX PAROTIDITIS
SCT_NUVA-3771002000107,VAC0258,IMOVAX R.O.R.
SCT_NUVA-3791002000108,VAC0259,IMOVAX Rabies
SCT_NUVA-3801002000109,VAC0260,IMOVAX Rabies I.D.
SCT_NUVA-3811002000107,VAC0261,IMOVAX RAGE
SCT_NUVA-3821002000101,VAC0262,IMOVAX RUBEOLA
SCT_NUVA-3831002000103,VAC0263,IMOVAX SARAMPION
SCT_NUVA-3841002000106,VAC0264,INFANRIX
SCT_NUVA-3851002000108,VAC0265,INFLU-KOVAX
SCT_NUVA-3861002000105,VAC0266,INFLUENZA HA VACCINE KOVAX
SCT_NUVA-3871002000100,VAC0267,IPAD TP
SCT_NUVA-3881002000102,VAC0268,IPOL
SCT_NUVA-3891002000104,VAC0270,"Inactivated Polio vaccine, unspecified"
SCT_NUVA-3901002000100,VAC0271,ISTIVAC
SCT_NUVA-3911002000102,VAC0272,KAKSOISROKOTE DUBBELVACCIN
SCT_NUVA-3921002000108,VAC0273,KIKHOSTE-VAKSINE
SCT_NUVA-3931002000106,VAC0274,LANCY VAXINA
SCT_NUVA-3941002000103,VAC0275,LAVANTUU TIROKOTE
SCT_NUVA-3951002000101,VAC0276,LIOVAX
SCT_NUVA-3961002000104,VAC0277,LIRUBEL
SCT_NUVA-3971002000109,VAC0278,LIRUGEN
SCT_NUVA-3981002000107,VAC0280,MUMPS-MEASLES VACCINE MICROGEN
SCT_NUVA-3991002000105,VAC0281,LM - 3 RIT
SCT_NUVA-4001002000103,VAC0282,LTEANAS IMUNA
SCT_NUVA-4021002000106,VAC0283,LYMERIX
SCT_NUVA-4031002000109,VAC0284,LYOVAC ATTENUVAX
SCT_NUVA-4041002000101,VAC0285,LYOVAC MERUVAX
SCT_NUVA-4051002000104,VAC0286,M-M-R II
SCT_NUVA-4061002000102,VAC0287,M-R VAX
SCT_NUVA-4071002000107,VAC0288,M-R VAX II
SCT_NUVA-4081002000105,VAC0289,M-VAX PFIZER
SCT_NUVA-4091002000108,VAC0290,MASERN-IMPFSTOFF SSW
SCT_NUVA-4101002000104,VAC0291,MEASLES VACCINE AIK-C STRAIN POLYVAC
SCT_NUVA-4111002000101,VAC0292,MEASLES VACCINE DK3
SCT_NUVA-4131002000105,VAC0293,MENAFRIVAC
SCT_NUVA-4141002000102,VAC0294,MENCEVAX A
SCT_NUVA-4151002000100,VAC0295,MENOMUNE-A/C/Y/W-135
SCT_NUVA-4161002000103,VAC0296,MENPOVAX 4 A+C+Y+W135
SCT_NUVA-4171002000108,VAC0297,MENPOVAX A+C
SCT_NUVA-4181002000106,VAC0298,MERUVAX
SCT_NUVA-4191002000109,VAC0299,MERUVAX II
SCT_NUVA-4201002000107,VAC0300,MEVILIN-L
SCT_NUVA-4211002000105,VAC0301,MMR
SCT_NUVA-4251002000106,VAC0303,MONIARIX
SCT_NUVA-4261002000108,VAC0304,MOPAVAC SEVAC
SCT_NUVA-4271002000103,VAC0305,MOPV
SCT_NUVA-4281002000100,VAC0306,MORBILVAX
SCT_NUVA-4291002000102,VAC0307,MORUBEL
SCT_NUVA-4311002000103,VAC0308,MORUMAN BERNA PRODUCTS
SCT_NUVA-4321002000109,VAC0309,MORUPAR
SCT_NUVA-4331002000107,VAC0310,MOVIVAC
SCT_NUVA-4341002000104,VAC0311,MUMATEN BERNA PRODUCTSNA
SCT_NUVA-4351002000102,VAC0312,MUMPS LIVE
SCT_NUVA-4371002000105,VAC0313,MUMPS inactivated
SCT_NUVA-4381002000108,VAC0315,MUMPSVAX
SCT_NUVA-4401002000108,VAC0317,NABI-HB
SCT_NUVA-4411002000106,VAC0318,NOTHAV
SCT_NUVA-4421002000100,VAC0319,OMNIHIB
SCT_NUVA-4431002000102,VAC0320,"OPV 1-2-3, unspecified"
SCT_NUVA-4441002000105,VAC0321,ORIMUNE
SCT_NUVA-4451002000107,VAC0322,PARIORIX
SCT_NUVA-4461002000109,VAC0323,PAVIVAC-SEVAC
SCT_NUVA-4471002000104,VAC0324,"Pneumococcal conjugate vaccine, 7 valent, unspecified"
SCT_NUVA-4481002000101,VAC0325,PEDIARIX
SCT_NUVA-4491002000103,VAC0326,PEDVAXHIB
SCT_NUVA-4501002000109,VAC0327,PENTA
SCT_NUVA-4511002000107,VAC0328,PENTACEL
SCT_NUVA-4521002000101,VAC0330,PENTACT-HIB
SCT_NUVA-4531002000103,VAC0332,PENTAVALENTE
SCT_NUVA-4551002000108,VAC0333,PFIZER VAX-MEASLES K INACTIVATED
SCT_NUVA-4561002000105,VAC0334,PFIZER VAX-MEASLES L
SCT_NUVA-4571002000100,VAC0335,PLUSERIX
SCT_NUVA-4581002000102,VAC0336,PNEUMOVAX
SCT_NUVA-4591002000104,VAC0337,PNU-IMUNE 23
SCT_NUVA-4601002000105,VAC0338,POLIACEL
SCT_NUVA-4611002000108,VAC0339,"Pneumococcal polysaccharide vaccine 23-valent, unspecified"
SCT_NUVA-4621002000102,VAC0341,PREVNAR
SCT_NUVA-4641002000107,VAC0343,ProHIBiT
SCT_NUVA-4651002000109,VAC0344,"PRP-OMP Hib vaccine, unspecified"
SCT_NUVA-4661002000106,VAC0345,"Hib PRP-T conjugated vaccine, unspecified"
SCT_NUVA-4671002000101,VAC0346,PURIVAX
SCT_NUVA-4681002000103,VAC0347,QUADRACEL
SCT_NUVA-4691002000100,VAC0348,QUADRACEL/HIBEST
SCT_NUVA-4701002000100,VAC0349,QUADRIGEN
SCT_NUVA-4711002000102,VAC0350,QUATRO-VIRELON
SCT_NUVA-4721002000108,VAC0351,QUINTUPLE
SCT_NUVA-4731002000106,VAC0352,R-HB VACCINE
SCT_NUVA-4741002000103,VAC0353,R-VAC
SCT_NUVA-4751002000101,VAC0354,RA27/3
SCT_NUVA-4761002000104,VAC0355,RABAVERT
SCT_NUVA-4771002000109,VAC0356,RECOMBIVAX HB PÉDIATRIQUE
SCT_NUVA-4791002000105,VAC0357,"RESPIGAM, RSV-IVIG"
SCT_NUVA-4811002000109,VAC0358,"Rabies immunoglobulin human origin, unspecified"
SCT_NUVA-4821002000103,VAC0359,RIMEVAX
SCT_NUVA-4831002000100,VAC0360,RIMPARIX
SCT_NUVA-4841002000108,VAC0361,RIT - LM-2
SCT_NUVA-4851002000105,VAC0362,RIT - LM-3
SCT_NUVA-4861002000107,VAC0363,ROTASHIELD
SCT_NUVA-4871002000102,VAC0364,RUBEATEN BERNA PRODUCTS
SCT_NUVA-4881002000104,VAC0365,RUBELLA VACCINE MICROGEN
SCT_NUVA-4891002000101,VAC0366,RUBELLA-KOVAX
SCT_NUVA-4901002000102,VAC0367,RUBELLOVAC
SCT_NUVA-4911002000104,VAC0368,RUBELOGEN
SCT_NUVA-4921002000105,VAC0369,RUBEOVAX
SCT_NUVA-4931002000108,VAC0370,RVA RABIES VACCINE ABSORBED BIOPORT
SCT_NUVA-4941002000100,VAC0371,POLIO SABIN GSK
SCT_NUVA-4951002000103,VAC0372,SAHIA
SCT_NUVA-4961002000101,VAC0373,SALK
SCT_NUVA-4971002000106,VAC0374,SANDOVAC
SCT_NUVA-4981002000109,VAC0375,SEROBACTERIN
SCT_NUVA-5011002000104,VAC0376,SHANCHOL
SCT_NUVA-5021002000105,VAC0377,TRIPLE ANTIGEN SII
SCT_NUVA-5041002000100,VAC0378,SYNAGIS 100 mg (PALIZIVUMAB)
SCT_NUVA-5051002000103,VAC0379,T-IMMUN
SCT_NUVA-5061002000101,VAC0380,"T.Polio, unspecified"
SCT_NUVA-5071002000106,VAC0382,"Tetanus diphtheria vaccine, unspecified"
SCT_NUVA-5081002000109,VAC0383,ANATOXAL TE
SCT_NUVA-5091002000107,VAC0384,TE/VAC/PTAP
SCT_NUVA-5101002000103,VAC0385,TELVACLPTAP
SCT_NUVA-5111002000100,VAC0386,TETAMYN
SCT_NUVA-5121002000106,VAC0387,TETANOL
SCT_NUVA-5131002000109,VAC0388,TETASORBAT SSW
SCT_NUVA-5141002000101,VAC0389,TETAMUN SSW
SCT_NUVA-5151002000104,VAC0390,TETRACT-HIB
SCT_NUVA-5161002000102,VAC0391,TETRAMUNE
SCT_NUVA-5171002000107,VAC0392,TETRAVAX
SCT_NUVA-5181002000105,VAC0393,TICE BCG
SCT_NUVA-5201002000106,VAC0394,TIG
SCT_NUVA-5211002000109,VAC0395,TITIFICA
SCT_NUVA-5221002000103,VAC0396,BIOPOLIO
SCT_NUVA-5231002000100,VAC0397,TRESIVAC LYOPHILIZED
SCT_NUVA-5241002000108,VAC0398,TRI-IMMUNOL
SCT_NUVA-5251002000105,VAC0399,TRIACEL
SCT_NUVA-5261002000107,VAC0400,TRIACELLUVAX
SCT_NUVA-5271002000102,VAC0401,TRIHIBIT
SCT_NUVA-5281002000104,VAC0403,TRINIVAC
SCT_NUVA-5291002000101,VAC0404,TRIPACEL
SCT_NUVA-5301002000100,VAC0405,TRIPEDIA
SCT_NUVA-5311002000102,VAC0407,TRIPLE
SCT_NUVA-5321002000108,VAC0408,TRIPLE ANTIGEN
SCT_NUVA-5331002000106,VAC0409,TRIPLE SABIN
SCT_NUVA-5341002000103,VAC0410,TRIPLE VIRAL
SCT_NUVA-5351002000101,VAC0411,TRIVACUNA LETI
SCT_NUVA-5361002000104,VAC0412,TRIVAX
SCT_NUVA-5371002000109,VAC0413,TRIVAX-AD
SCT_NUVA-5381002000107,VAC0414,TRIVAX-HIB
SCT_NUVA-5391002000105,VAC0415,TRIVB
SCT_NUVA-5401002000107,VAC0416,TRIVIRATEN
SCT_NUVA-5411002000105,VAC0417,TRIVIVAC SEVAC
SCT_NUVA-5421002000104,VAC0418,TRIVIVAC Y
SCT_NUVA-5431002000101,VAC0419,SHANTT
SCT_NUVA-5441002000109,VAC0420,BIO-TT
SCT_NUVA-5451002000106,VAC0421,TUSSITRUPIN FORTE
SCT_NUVA-5461002000108,VAC0423,TWINRIX JUNIOR
SCT_NUVA-5481002000100,VAC0424,"Live attenuated oral typhoid vaccine, unspecified"
SCT_NUVA-5491002000102,VAC0425,TYNE
SCT_NUVA-5501002000108,VAC0426,TYPHOID VACCINE WYETH
SCT_NUVA-5511002000106,VAC0427,TYPHOID-KOVAX
SCT_NUVA-5521002000100,VAC0428,VA-MENGOC-BC
SCT_NUVA-5531002000102,VAC0429,VACCIN COMBINAT DIFTERO-TETANIC
SCT_NUVA-5541002000105,VAC0430,VACCIN DIFTERIC ADSORBIT
SCT_NUVA-5551002000107,VAC0431,VACCINUM MORBILLORUM VIVUM
SCT_NUVA-5561002000109,VAC0432,VACINA DUPLA
SCT_NUVA-5571002000104,VAC0433,VACINA TRIPLICE
SCT_NUVA-5581002000101,VAC0434,VACINA TRIPLICE VIRAL
SCT_NUVA-5591002000103,VAC0435,VAKSIN CACAR
SCT_NUVA-5601002000109,VAC0436,VAKSIN CAMPAK KERING
SCT_NUVA-5611002000107,VAC0437,VAKSIN KOTIPA
SCT_NUVA-5621002000101,VAC0438,VAKSIN SERAP
SCT_NUVA-5631002000103,VAC0439,VAMOAVAX
SCT_NUVA-5641002000106,VAC0441,SKYVARICELLA INJ
SCT_NUVA-5661002000105,VAC0442,VARICELLON
SCT_NUVA-5671002000100,VAC0443,SEVAC VARIE
SCT_NUVA-5681002000102,VAC0444,VAXEM-HIB
SCT_NUVA-5691002000104,VAC0445,VAXIPAR
SCT_NUVA-5701002000104,VAC0446,VCDT
SCT_NUVA-5711002000101,VAC0447,VDA VACCIN DIFTERIC ADSORBIT
SCT_NUVA-5721002000107,VAC0448,VICPS (TYPHIM VI)
SCT_NUVA-5731002000105,VAC0449,VIRELON T 20
SCT_NUVA-5741002000102,VAC0450,"VIROVAC MASSLING, PEROTID, RUBELLA"
SCT_NUVA-5751002000100,VAC0451,VIVOTIF
SCT_NUVA-5761002000103,VAC0452,VT (VACINA TRIPLICE)
SCT_NUVA-5771002000108,VAC0453,VTV (VACINA TRIPLICE VIRAL)
SCT_NUVA-5781002000106,VAC0454,VVR CANTACUZINO
SCT_NUVA-5791002000109,VAC0456,WELLTRIVAX TRIVALENTE
SCT_NUVA-5801002000105,VAC0457,YF-VAX
SCT_NUVA-5821002000102,VAC0458,ZAANTIDE antitoxin
SCT_NUVA-5831002000104,VAC0459,ZAANTITE
SCT_NUVA-5841002000107,VAC0460,ZADITEADVAX
SCT_NUVA-5851002000109,VAC0461,ZADITEVAX
SCT_NUVA-5861002000106,VAC0462,ZAMEVAX A+C
SCT_NUVA-5871002000101,VAC0463,ZAMOVAX
SCT_NUVA-5881002000103,VAC0464,ZAMRUVAX
SCT_NUVA-5891002000100,VAC0465,ZARUVAX
SCT_NUVA-5901002000101,VAC0466,ZATETRAVAX
SCT_NUVA-5911002000103,VAC0467,ZATEVAX
SCT_NUVA-5921002000109,VAC0468,ZATRIBAVAX
SCT_NUVA-5931002000107,VAC0469,ZATRIVAX
SCT_NUVA-5941002000104,VAC0470,QUINVAXEM
SCT_NUVA-5951002000102,VAC0471,HEPAVAX-GENE B 20 µg
SCT_NUVA-5961002000100,VAC0472,PREPANDRIX
SCT_NUVA-5971002000105,VAC0473,PRE-PANDEMIC INFLUENZA VACCINE H5N1
SCT_NUVA-5981002000108,VAC0474,DARONRIX
SCT_NUVA-5991002000106,VAC0475,FOCLIVIA
SCT_NUVA-6001002000107,VAC0476,PANDEMIC INFLUENZA VACCINE H5N1 BAXTER
SCT_NUVA-6011002000105,VAC0477,PUMARIX
SCT_NUVA-6021002000104,VAC0478,COVAXIS
SCT_NUVA-6031002000101,VAC0479,TRIAXIS
SCT_NUVA-6041002000109,VAC0480,FENDRIX
SCT_NUVA-6051002000106,VAC0481,TRIVIVAX
SCT_NUVA-6061002000108,VAC0482,VEPACEL
SCT_NUVA-6071002000103,VAC0483,FLUAD PAEDIATRICS
SCT_NUVA-6081002000100,VAC0484,RABIVAX-S
SCT_NUVA-6091002000102,VAC0485,TETAGAM P (immunoglobuline)
SCT_NUVA-6121002000103,VAC0486,NIMENRIX
SCT_NUVA-6131002000100,VAC0487,MENHIBRIX
SCT_NUVA-6141002000108,VAC0488,PENTAXIM
SCT_NUVA-6151002000105,VAC0489,TRIMOVAX
SCT_NUVA-6161002000107,VAC0490,KINRIX
SCT_NUVA-6171002000102,VAC0491,TENIVAC
SCT_NUVA-6181002000104,VAC0492,AFLURIA
SCT_NUVA-6191002000101,VAC0494,TRITANRIX HepB
SCT_NUVA-6211002000100,VAC0495,BEXSERO
SCT_NUVA-6221002000106,VAC0496,GAMMATETANOS (immunoglobuline)
SCT_NUVA-6231002000109,VAC0497,"Tetanus immunoglobulin, unspecified"
SCT_NUVA-6241002000101,VAC0498,IMOGAM RAGE
SCT_NUVA-6251002000104,VAC0499,BENIRAB (immunoglobuline)
SCT_NUVA-6271002000107,VAC0500,FAVIRAB
SCT_NUVA-6281002000105,VAC0501,EQUIRAB (immunoglobuline)
SCT_NUVA-6301002000109,VAC0502,"Rabies immunoglobulin, unspecified"
SCT_NUVA-6311002000107,VAC0503,"Rabies immunoglobulin equine origin, unspecified"
SCT_NUVA-6321002000101,VAC0504,INFANRIX POLIO HIB NOURRISSONS
SCT_NUVA-6331002000103,VAC0505,HIBEST
SCT_NUVA-6341002000106,VAC0506,"Pentavalent DTaPHibIPV vaccine, unspecified"
SCT_NUVA-6351002000108,VAC0507,HEXACIMA
SCT_NUVA-6361002000105,VAC0508,JEEV 3 µg
SCT_NUVA-6371002000100,VAC0509,BIKEN
SCT_NUVA-6381002000102,VAC0510,HEXYON
SCT_NUVA-6391002000104,VAC0511,SILGARD
SCT_NUVA-6411002000104,VAC0512,"Typhus vaccine, unspecified"
SCT_NUVA-6421002000105,VAC0513,HEPATYRIX
SCT_NUVA-6441002000100,VAC0514,ROTARIX
SCT_NUVA-6451002000103,VAC0515,INFANRIX-POLIO
SCT_NUVA-6461002000101,VAC0516,ABHAYRAB
SCT_NUVA-6481002000109,VAC0517,FLUARIXTETRA
SCT_NUVA-6491002000107,VAC0518,STAMARIL (multidose)
SCT_NUVA-6511002000103,VAC0520,IMVANEX
SCT_NUVA-6531002000107,VAC0521,FLUENZ TETRA
SCT_NUVA-6601002000100,VAC0523,GARDASIL 9
SCT_NUVA-6611002000102,VAC0524,TEVAX
SCT_NUVA-6621002000108,VAC0525,INFANRIX PENTA
SCT_NUVA-6641002000103,VAC0526,HECOLIN
SCT_NUVA-6651002000101,VAC0527,VACCIN DIPHTERIQUE ET TETANIQUE ADSORBE
SCT_NUVA-6671002000109,VAC0528,MOSQUIRIX
SCT_NUVA-6681002000107,VAC0529,IMOVAX TETANO
SCT_NUVA-6691002000105,VAC0530,TETANOL PUR
SCT_NUVA-6701002000105,VAC0531,TETANOS ADSORBE MERIEUX
SCT_NUVA-6711002000108,VAC0532,TETANUS VACCIN
SCT_NUVA-6721002000102,VAC0534,MENJUGATE 10 µg
SCT_NUVA-6731002000104,VAC0535,VAXELIS
SCT_NUVA-6741002000107,VAC0538,VACCIN BCG BIOMED-LUBLIN
SCT_NUVA-6761002000106,VAC0539,DENGVAXIA
SCT_NUVA-6771002000101,VAC0540,IPAD T
SCT_NUVA-6781002000103,VAC0541,BOOSTRIX
SCT_NUVA-6791002000100,VAC0542,Vaccin D.T.P. Pasteur
SCT_NUVA-6801002000104,VAC0543,HEXAXIM
SCT_NUVA-6811002000101,VAC0544,TETRAXIM
SCT_NUVA-6821002000107,VAC0545,EUVAX B 20 µg
SCT_NUVA-6831002000105,VAC0546,DULTAVAX
SCT_NUVA-6841002000102,VAC0549,"dTIPV - Diphtheria-Tetanus-Polio, low dose, unspecified"
SCT_NUVA-6851002000100,VAC0550,"Measles-Rubella vaccine, unspecified"
SCT_NUVA-6861002000103,VAC0551,"DTaPIPV vaccine, standard dose, unspecified"
SCT_NUVA-6871002000108,VAC0552,"Hexavalent vaccine DTPCaHibHepB - Diphtheria-Tetanus-Polio-Acellular Pertussis-Hib-HepB, unspecified"
SCT_NUVA-6881002000106,VAC0553,"Pentavalent DTwPHibIPV vaccine, unspecified"
SCT_NUVA-6891002000109,VAC0554,PEDIACEL
SCT_NUVA-6901002000108,VAC0555,COMBACT-HIB
SCT_NUVA-6911002000106,VAC0556,MENITORIX
SCT_NUVA-6931002000102,VAC0560,VAXIGRIPTETRA
SCT_NUVA-6951002000107,VAC0561,IMOJEV
SCT_NUVA-6961002000109,VAC0562,INFLUVAC TETRA
SCT_NUVA-6971002000104,VAC0563,ALPHA-RIX-TETRA
SCT_NUVA-6981002000101,VAC0566,PNEUMOCOCCAL POLYSACCHARIDE VACCINE MSD
SCT_NUVA-7001002000109,VAC0567,SHINGRIX
SCT_NUVA-7011002000107,VAC0568,BOOSTRIX-POLIO
SCT_NUVA-7021002000101,VAC0569,INFANRIX-IPV
SCT_NUVA-7031002000103,VAC0570,HIBERIX
SCT_NUVA-7041002000106,VAC0573,AGRIFLU
SCT_NUVA-7051002000108,VAC0574,Td POLIO ADSORBED
SCT_NUVA-7061002000105,VAC0575,FSME-IMMUN
SCT_NUVA-7071002000100,VAC0576,FLUVIRAL
SCT_NUVA-7081002000102,VAC0577,TRIPACEL HYBRID
SCT_NUVA-7091002000104,VAC0578,INFANRIX-HIB
SCT_NUVA-7101002000108,VAC0579,CLAIRYG 50 mg/mL
SCT_NUVA-7111002000106,VAC0580,CLAIRYG
SCT_NUVA-7131002000102,VAC0582,TRUMENBA
SCT_NUVA-7141002000105,VAC0585,"TdapIPV - Diphtheria-Tetanus-Pertussis-Polio vaccine, low dose, unspecified"
SCT_NUVA-7161002000109,VAC0586,ERVEBO
SCT_NUVA-7171002000104,VAC0590,VACCIN BCG AJVACCINES
SCT_NUVA-7181002000101,VAC0591,VIVAXIM
SCT_NUVA-7191002000103,VAC0592,SPEEDA
SCT_NUVA-7201002000100,VAC0593,VERORAB
SCT_NUVA-7211002000102,VAC0594,MENQUADFI
SCT_NUVA-7221002000108,VAC0595,FLUCELVAX TETRA
SCT_NUVA-7231002000106,VAC0596,"DTaPHibHepB pentavalent vaccine, unspecified"
SCT_NUVA-7241002000103,VAC0598,"DTwPHibHepB pentavalent vaccine, unspecified"
SCT_NUVA-7251002000101,VAC0599,"DTPerHibHepB pentavalent vaccine, unspecified"
SCT_NUVA-7261002000104,VAC0600,"OPV bivalent 1-3, unspecified"
SCT_NUVA-7271002000109,VAC0601,"DPT Diphtheria-Pertussis-Tetanus vaccine, unspecified"
SCT_NUVA-7281002000107,VAC0602,"DTaP - Diphtheria-Tetanus-Pertussis vaccine, standard dose, unspecified"
SCT_NUVA-7291002000105,VAC0603,COMVAC3
SCT_NUVA-7301002000106,VAC0610,"Tdap - Diphtheria-Tetanus-Pertussis vaccine, low dose, unspecified"
SCT_NUVA-7311002000109,VAC0611,SHAN-5
SCT_NUVA-7321002000103,VAC0612,DTP-vax FINLAY
SCT_NUVA-7331002000100,VAC0613,BORYUNG DTap VACCINE
SCT_NUVA-7341002000108,VAC0614,TDAPBOOSTER AJ VACCINES
SCT_NUVA-7351002000105,VAC0615,VACCIN T.P. PASTEUR
SCT_NUVA-7371002000102,VAC0620,IXCHIQ
SCT_NUVA-7381002000104,VAC0621,MENC VACCINE FUNED
SCT_NUVA-7391002000101,VAC0622,EOLARIX
SCT_NUVA-7401002000104,VAC0623,"Measles-mumps vaccine, unspecified"
SCT_NUVA-7411002000101,VAC0624,M-M-Vax
SCT_NUVA-7421002000107,VAC0625,MORATEN
SCT_NUVA-7431002000105,VAC0626,MoRu Viraten
SCT_NUVA-7441002000102,VAC0627,MORUMAN
SCT_NUVA-7451002000100,VAC0628,Immravax
SCT_NUVA-7461002000103,VAC0631,MENINVACTKIT
SCT_NUVA-7471002000108,VAC0632,OPVERO
SCT_NUVA-7491002000109,VAC0633,ZABDENO
SCT_NUVA-7511002000100,VAC0634,MVABEA
SCT_NUVA-7521002000106,VAC0635,PREFLUCEL
SCT_NUVA-7531002000109,VAC0636,FLUMIST QUADRIVALENT
SCT_NUVA-7541002000101,VAC0637,IPAD DT
SCT_NUVA-7551002000104,VAC0638,IPAD POLIO
SCT_NUVA-7561002000102,VAC0639,ADACEL POLIO
SCT_NUVA-7571002000107,VAC0640,TRITANRIX HepB+Hib
SCT_NUVA-7581002000105,VAC0641,GLOBORIX
SCT_NUVA-7601002000102,VAC0642,FLUZONE HIGH-DOSE QUADRIVALENT
SCT_NUVA-7641002000100,VAC0643,"Meningococcal ACWY conjugate vaccine, unspecified"
SCT_NUVA-7661002000101,VAC0644,QDENGA
SCT_NUVA-7671002000106,VAC0645,IMMU ORR
SCT_NUVA-7681002000109,VAC0646,CECOLIN
SCT_NUVA-7691002000107,VAC0647,ROTASIIL
SCT_NUVA-7711002000105,VAC0648,"COVID-19 vaccine, unspecified"
SCT_NUVA-7721002000104,VAC0649,EFLUELDA TETRA
SCT_NUVA-7741002000109,VAC0650,VAXZEVRIA ASTRAZENECA
SCT_NUVA-7761002000108,VAC0651,CORONAVAC COVID-19 VACCINE
SCT_NUVA-7781002000100,VAC0652,CONVIDECIA
SCT_NUVA-7791002000102,VAC0653,"Hepatitis A + Hepatitis B vaccine Child, unspecified"
SCT_NUVA-7801002000101,VAC0654,"Hepatitis A + Hepatitis B vaccine Adult, unspecified"
SCT_NUVA-7811002000103,VAC0655,"Diphtheria vaccine, unspecified"
SCT_NUVA-7831002000107,VAC0656,"SPIKEVAX 0,2 mg/mL MODERNA"
SCT_NUVA-7851002000102,VAC0657,SINOPHARM WUHAN COVID-19 VACCINE
SCT_NUVA-7871002000105,VAC0658,COMIRNATY 30 µg BIONTECH-PFIZER
SCT_NUVA-7891002000106,VAC0659,ZIFIVAX ANHUI COVID-19 VACCINE
SCT_NUVA-7901002000105,VAC0660,CHINESE-IMB-INACTIVATED-COVID
SCT_NUVA-7921002000102,VAC0661,INOVIO-DNA-COVID
SCT_NUVA-7931002000104,VAC0662,OSAKA-DNA-COVID / AG0301-COVID19
SCT_NUVA-7941002000107,VAC0663,CADILA-DNA-COVID
SCT_NUVA-7951002000109,VAC0664,GX-19-DNA-Covid
SCT_NUVA-7961002000106,VAC0665,COVAXIN BHARAT BIOTECH COVID-19 VACCINE
SCT_NUVA-7981002000103,VAC0666,JCOVDEN (ancien nom : JANSSEN COVID-19 VACCINE)
SCT_NUVA-8001002000108,VAC0667,NUVAXOVID
SCT_NUVA-8011002000106,VAC0668,KENTUCKY-RBD-COVID
SCT_NUVA-8031002000102,VAC0669,ARCTURUS-RNA-COVID
SCT_NUVA-8051002000107,VAC0670,SPOUTNIK V
SCT_NUVA-8071002000104,VAC0671,CLOVER-SPIKE-SCB-2019-COVID
SCT_NUVA-8081002000101,VAC0672,VAXINE-SPIKE-COVID
SCT_NUVA-8091002000103,VAC0673,QUEENSLAND-SPIKE-MF59-COVID
SCT_NUVA-8111002000105,VAC0674,PASTEUR-MSD MEASLES VECTOR COVID
SCT_NUVA-8121002000104,VAC0675,IMPERIAL-COLLEGE-RNA-COVID
SCT_NUVA-8131002000101,VAC0676,CUREVAC-RNA-COVID
SCT_NUVA-8141002000109,VAC0677,CHINESE-PLA-ARN-Covid
SCT_NUVA-8161002000108,VAC0678,Medicago-VLP-Covid
SCT_NUVA-8181002000100,VAC0679,MEDIGEN-S-2P-CpH1018-COVID
SCT_NUVA-8191002000102,VAC0680,COVILO SINOPHARM COVID-19 VACCINE
SCT_NUVA-8201002000104,VAC0681,GRAD-COV2 COVID-19 VACCINE REITHERA
SCT_NUVA-8211002000101,VAC0682,FLUQUADRI
SCT_NUVA-8231002000105,VAC0683,EpiVacCorona
SCT_NUVA-8241002000102,VAC0684,QAZVAC
SCT_NUVA-8251002000100,VAC0685,VIDPREVTYN BETA
SCT_NUVA-8261002000103,VAC0686,MULTI-PEPTIDE-pVAC-COVID
SCT_NUVA-8271002000108,VAC0687,UB-612 COVID-19 Vaccine
SCT_NUVA-8291002000109,VAC0688,INTRANASAL FLU-BASED RBD DelNS1-2019-nCoV-RBD-OPT1 COVID-19 Vaccine
SCT_NUVA-8301002000105,VAC0689,CHINESE-RECOMBINANT-Sf9-COVID
SCT_NUVA-8311002000108,VAC0690,CHINESE-AD5-NCOV-COVID
SCT_NUVA-8321002000102,VAC0691,FINLAY-FR-1
SCT_NUVA-8331002000104,VAC0692,COVAXX
SCT_NUVA-8341002000107,VAC0693,VXA-COV2-1-COVID
SCT_NUVA-8361002000106,VAC0694,LMU-MVA-SARS-2-S-COVID
SCT_NUVA-8371002000101,VAC0695,RBD-HBsAg-VLPs-Covid
SCT_NUVA-8381002000103,VAC0696,KCONVAC MINHAI COVID-19 VACCINE
SCT_NUVA-8401002000103,VAC0697,V590 (COVID-19)
SCT_NUVA-8411002000100,VAC0698,hAd5-COVID-19
SCT_NUVA-8421002000106,VAC0699,IIBR's RECOMBINANT VSV-DeltaG-spike VACCINE
SCT_NUVA-8431002000109,VAC0701,BACTRL-SPIKE
SCT_NUVA-8441002000101,VAC0702,RRBD PRODUCED IN CHO-CELL CHEMICALLY CONJUGATE TO TETANUS TOXOID
SCT_NUVA-8451002000104,VAC0703,ADJUVANTED PROTEIN SUBUNIT (RBD)
SCT_NUVA-8461002000102,VAC0705,INFLUSPLIT TETRA
SCT_NUVA-8471002000107,VAC0706,FLUZONE QUADRIVALENT
SCT_NUVA-8481002000105,VAC0707,CORONAVIRUS SARS-CoV-2 INACTIVÉ
SCT_NUVA-8491002000108,VAC0708,CORVAX12
SCT_NUVA-8511002000104,VAC0709,COVI-VAC
SCT_NUVA-8521002000105,VAC0710,COVID-19 mRNA VACCINE BNT162b2
SCT_NUVA-8541002000100,VAC0711,"Typhoid conjugate vaccine, unspecified"
SCT_NUVA-8551002000103,VAC0712,"Typhoid-hepatitis A vaccine, unspecified"
SCT_NUVA-8561002000101,VAC0713,"Typhoid polysaccharide vaccine, unspecified"
SCT_NUVA-8571002000106,VAC0714,"VACCIN CONTRE LA COVID-19 (INACTIVE, AVEC ADJUVANT) VALNEVA"
SCT_NUVA-8581002000109,VAC0715,ERUCOV-VAC
SCT_NUVA-8591002000107,VAC0716,SARS-COV-2-RBD-FC FUSION PROTEIN
SCT_NUVA-8601002000101,VAC0717,CIGB-669
SCT_NUVA-8611002000103,VAC0718,CIGB-66
SCT_NUVA-8621002000109,VAC0719,NANOCOVAX
SCT_NUVA-8631002000107,VAC0720,S-268019
SCT_NUVA-8641002000104,VAC0721,ADIMRSC-2F
SCT_NUVA-8651002000102,VAC0722,COVIGENIX VAX-001
SCT_NUVA-8661002000100,VAC0723,GLS-5310
SCT_NUVA-8671002000105,VAC0724,CHULACOV19
SCT_NUVA-8681002000108,VAC0725,COH04S1
SCT_NUVA-8691002000106,VAC0726,ADCOVID
SCT_NUVA-8701002000106,VAC0727,ADCLD-COV19
SCT_NUVA-8721002000103,VAC0728,aAPC COVID-19 VACCINE
SCT_NUVA-8741002000108,VAC0729,LV-SMENP-DC vaccine
SCT_NUVA-8751002000105,VAC0730,DENDRITIC CELL AV-COVID-19 VACCINE
SCT_NUVA-8761002000107,VAC0731,DITANRIX
SCT_NUVA-8771002000102,VAC0732,COVAC-1 - COVAC-2
SCT_NUVA-8781002000104,VAC0733,HEPLISAV-B
SCT_NUVA-8791002000101,VAC0734,POLIO BOOSTRIX
SCT_NUVA-8801002000100,VAC0735,POLIOINFANRIX
SCT_NUVA-8811002000102,VAC0736,TRIAXIS POLIO
SCT_NUVA-8821002000108,VAC0737,GBP510
SCT_NUVA-8831002000106,VAC0739,RAZI COV PARS
SCT_NUVA-8841002000103,VAC0740,PTX-COVID19-B
SCT_NUVA-8851002000101,VAC0741,COVID-EVAX
SCT_NUVA-8861002000104,VAC0742,COVIGEN
SCT_NUVA-8871002000109,VAC0743,BBV154
SCT_NUVA-8881002000107,VAC0744,COVID-19 INACTIVATED VACCINE
SCT_NUVA-8891002000105,VAC0745,MF59 ADJUVANTED SARS-CoV-2 SCLAMP VACCINE
SCT_NUVA-8901002000109,VAC0752,COVISHIELD
SCT_NUVA-8911002000107,VAC0753,INACTIVATED SARS-COV-2 VACCINE FAKHRAVAC (MIVAC)
SCT_NUVA-8921002000101,VAC0754,INACTIVATED KOCAK-19 INAKTIF ADJUVANT COVID-19 VACCINE
SCT_NUVA-8931002000103,VAC0755,ADJUVANTED INACTIVATED VACCINE AGAINST SARS-CoV-2
SCT_NUVA-8941002000106,VAC0756,MV-014-212
SCT_NUVA-8951002000108,VAC0757,NBP 2001
SCT_NUVA-8961002000105,VAC0758,SPFN COVID 19 VACCINE + AFLQ
SCT_NUVA-8971002000100,VAC0759,EUCORVAC-19
SCT_NUVA-8981002000102,VAC0760,RECOV
SCT_NUVA-8991002000104,VAC0761,V-01
SCT_NUVA-9011002000101,VAC0762,COV2 SAM (LNP) VACCINE
SCT_NUVA-9021002000107,VAC0763,mRNA-1273.351
SCT_NUVA-9031002000105,VAC0764,MRT5500
SCT_NUVA-9041002000102,VAC0765,DS-5670a
SCT_NUVA-9051002000100,VAC0766,HDT-301
SCT_NUVA-9061002000103,VAC0767,ChAdV68 SAM-LNP rS-TCE GRITSTONE ONCOLOGY COVID-19 VACCINE
SCT_NUVA-9081002000106,VAC0768,COVIVAC
SCT_NUVA-9091002000109,VAC0769,SC-Ad6-1
SCT_NUVA-9111002000102,VAC0770,NDV-HXP-S
SCT_NUVA-9121002000108,VAC0771,VBI-2902a
SCT_NUVA-9131002000106,VAC0772,SARS-CoV-2 VLP Vaccine
SCT_NUVA-9141002000103,VAC0773,ABNCoV2
SCT_NUVA-9151002000101,VAC0774,"FSME-IMMUN 0,25 mL"
SCT_NUVA-9161002000104,VAC0775,"DTwPHib, unspecified"
SCT_NUVA-9171002000109,VAC0776,TETRABIK
SCT_NUVA-9181002000107,VAC0777,ADJUPANRIX
SCT_NUVA-9201002000108,VAC0778,VAXCHORA
SCT_NUVA-9211002000106,VAC0779,BATREVAC
SCT_NUVA-9241002000105,VAC0780,VAXNEUVANCE
SCT_NUVA-9251002000107,VAC0781,RABIVAC
SCT_NUVA-9261002000109,VAC0782,RASILVAX
SCT_NUVA-9271002000104,VAC0783,R-COVI
SCT_NUVA-9281002000101,VAC0784,PERTAGEN
SCT_NUVA-9291002000103,VAC0785,BOOSTAGEN
SCT_NUVA-9351002000103,VAC0786,PREVNAR 20
SCT_NUVA-9361002000101,VAC0787,"Diphtheria-Tetanus-Rubella, unspecified"
SCT_NUVA-9371002000106,VAC0788,"Hib-IPV, unspecified"
SCT_NUVA-9381002000109,VAC0789,COMVAC4
SCT_NUVA-9391002000107,VAC0790,"Diphtheria-Tetanus-Hepatitis B vaccine, unspecified"
SCT_NUVA-9401002000109,VAC0791,"Hexavalent vaccine DTPerHibPHepB - Diphtheria-Tetanus-Pertussis-Polio-Hib-Hepatitis B vaccine, unspecified"
SCT_NUVA-9411002000107,VAC0792,"Diphtheria-Tetanus-Pertussis-Polio-Hepatitis B pentavalent vaccine, unspecified"
SCT_NUVA-9421002000101,VAC0793,TETADIF
SCT_NUVA-9431002000103,VAC0794,"T-igT, unspecified"
SCT_NUVA-9451002000108,VAC0795,"Acellular pertussis vaccine, unspecified"
SCT_NUVA-9461002000105,VAC0796,"Pertussis vaccine, unspecified"
SCT_NUVA-9471002000100,VAC0797,"Diph-T-aP/ap, unspecified"
SCT_NUVA-9481002000102,VAC0798,"Hib-MeningoC vaccine, unspecified"
SCT_NUVA-9491002000104,VAC0799,"DT-Hib vaccine, unspecified"
SCT_NUVA-9501002000105,VAC0800,"Diphtheria-tetanus-pertussis-Hib vaccine, unspecified"
SCT_NUVA-9511002000108,VAC0801,"HepB-Hib, unspecified"
SCT_NUVA-9531002000104,VAC0802,"Monovalent oral polio vaccine - type unknown, unspecified"
SCT_NUVA-9541002000107,VAC0803,Polio Sabin One and Three GSK
SCT_NUVA-9561002000106,VAC0804,"Anthrax vaccine, unspecified"
SCT_NUVA-9571002000101,VAC0805,"Whole-cell inactivated cholera vaccine, unspecified"
SCT_NUVA-9581002000103,VAC0806,"Live attenuated cholera vaccine, unspecified"
SCT_NUVA-9591002000100,VAC0807,"Cholera-Typhoid inactivated vaccine, unspecified"
SCT_NUVA-9601002000106,VAC0808,"Hib-MenCY, unspecified"
SCT_NUVA-9621002000103,VAC0809,"Meningococcal monovalent polysaccharide vaccine, unspecified"
SCT_NUVA-9641002000108,VAC0810,"Meningococcal polyvalent polysaccharide vaccine, unspecified"
SCT_NUVA-9661002000107,VAC0811,"Meningococcal B vaccine, unspecified"
SCT_NUVA-9681002000104,VAC0812,"Inactivated whole plague vaccine, unspecified"
SCT_NUVA-9701002000101,VAC0813,"Pneumococcal unconjugated polysaccharide vaccine, unspecified"
SCT_NUVA-9721002000109,VAC0814,"Pneumococcal conjugate vaccine, serotypes unspecified"
SCT_NUVA-9731002000107,VAC0815,"Pneumo-Hib, unspecified"
SCT_NUVA-9741002000104,VAC0816,PEDATYPH
SCT_NUVA-9751002000102,VAC0817,"Inactivated Typhoid vaccine, unspecified"
SCT_NUVA-9761002000100,VAC0818,"Typhoid-Paratyphoid vaccine, unspecified"
SCT_NUVA-9781002000108,VAC0819,"Inactivated Japanese Encephalitis vaccine, unspecified"
SCT_NUVA-9791002000106,VAC0820,"Inactivated whole influenza vaccine, unspecified"
SCT_NUVA-9811002000105,VAC0821,"Inactivated influenza vaccine, split or subunit, unspecified"
SCT_NUVA-9831002000101,VAC0822,"Influenza vaccine, live attenuated, unspecified"
SCT_NUVA-9851002000106,VAC0823,"VLP influenza vaccine, unspecified"
SCT_NUVA-9861002000108,VAC0824,"Hepatitis A virosome vaccine, unspecified"
SCT_NUVA-9871002000103,VAC0825,"Combined hepatitis A and hepatitis B vaccine, unspecified"
SCT_NUVA-9881002000100,VAC0826,MEASLES AND RUBELLA VACCINE SII
SCT_NUVA-9891002000102,VAC0827,"MMRV - Measles-Mumps-Rubella-Varicella vaccine, unspecified"
SCT_NUVA-9901002000103,VAC0828,"Rotavirus pentavalent vaccine, unspecified"
SCT_NUVA-9911002000100,VAC0829,"Rubella-Mumps vaccine, unspecified"
SCT_NUVA-9931002000109,VAC0830,"Subunit shingles vaccine, unspecified"
SCT_NUVA-9951002000104,VAC0831,"Ebola vaccine, unspecified"
SCT_NUVA-9971002000107,VAC0832,"Herpes Simplex vaccine, unspecified"
SCT_NUVA-9991002000108,VAC0833,COMIRNATY 10 µg BIONTECH-PFIZER
SCT_NUVA-10001002000108,VAC0835,FIOCRUZ COVID-19 VACCINE
SCT_NUVA-10011002000106,VAC0836,FLUAD TETRA
SCT_NUVA-10021002000100,VAC0837,COVOVAX SII
SCT_NUVA-10031002000102,VAC0838,COVOVAX NOVAVAX
SCT_NUVA-10051002000107,VAC0839,"Inactivated whole-cell brucella vaccine, unspecified"
SCT_NUVA-10061002000109,VAC0840,ADDIGRIP
SCT_NUVA-10071002000104,VAC0841,"INFLUVAC 0,25 mL"
SCT_NUVA-10081002000101,VAC0842,NEORABIS
SCT_NUVA-10091002000103,VAC0843,NOVIRAB
SCT_NUVA-10101002000107,VAC0844,VERORABVAX
SCT_NUVA-10121002000104,VAC0845,VACCIN POLIOMYELITIQUE ORAL PRODUIT SUR CELLULES VERO MERIEUX
SCT_NUVA-10131002000101,VAC0846,VACCIN POLIOMYELITIQUE ORAL BIVALENT TYPES 1 et 3
SCT_NUVA-10141002000109,VAC0847,VACCIN PNEUMOCOCCIQUE SARBACH
SCT_NUVA-10151002000106,VAC0848,VACCIN BCG INSTITUT MERIEUX
SCT_NUVA-10171002000103,VAC0849,"Tularemia vaccine, unspecified"
SCT_NUVA-10181002000100,VAC0850,NEISVAC-C
SCT_NUVA-10191002000102,VAC0851,POLIO SABIN MONO TWO (ORAL) GSK
SCT_NUVA-10201002000104,VAC0852,"mOPV2 Sabin monovalent oral polio vaccine type 2, unspecified"
SCT_NUVA-10211002000101,VAC0853,"mOPV1 Sabin monovalent oral polio vaccine type 1, unspecified"
SCT_NUVA-10221002000107,VAC0854,"mOPV3 Sabin monovalent oral polio vaccine type 3, unspecified"
SCT_NUVA-10231002000105,VAC0855,"Diphtheria-Tetanus-Polio vaccine, unspecified"
SCT_NUVA-10241002000102,VAC0856,"DTaPHib vaccine, unspecified"
SCT_NUVA-10251002000100,VAC0857,"Diphtheria-Tetanus-Pertussis-Hepatitis B vaccine, unspecified"
SCT_NUVA-10261002000103,VAC0858,"HPV vaccine bivalent, unspecified"
SCT_NUVA-10271002000108,VAC0859,"HPV vaccine quadrivalent, unspecified"
SCT_NUVA-10281002000106,VAC0860,"HPV vaccine nonavalent, unspecified"
SCT_NUVA-10301002000105,VAC0861,"Multicomponent meningococcal B vaccine, unspecified"
SCT_NUVA-10311002000108,VAC0862,"Measles immunoglobulin, unspecified"
SCT_NUVA-10321002000102,VAC0863,"Hepatitis B immunoglobulin, unspecified"
SCT_NUVA-10331002000104,VAC0864,"Varicella-Zoster immunoglobulin, unspecified"
SCT_NUVA-10341002000107,VAC0865,"Polysaccharide meningococcal A vaccine, unspecified"
SCT_NUVA-10351002000109,VAC0866,"Meningococcal conjugate vaccine A, unspecified"
SCT_NUVA-10361002000106,VAC0867,"Diphtheria antitoxin, unspecified"
SCT_NUVA-10371002000101,VAC0868,MENPOVAX A
SCT_NUVA-10381002000103,VAC0869,MENPOVAX C
SCT_NUVA-10391002000100,VAC0870,TYPBAR
SCT_NUVA-10401002000103,VAC0871,SUPEMTEK TETRA
SCT_NUVA-10411002000100,VAC0872,INFLUPOZZI SUBUNITA
SCT_NUVA-10421002000106,VAC0873,INFLUPOZZI ADIUVATO
SCT_NUVA-10431002000109,VAC0874,INNOFLU
SCT_NUVA-10441002000101,VAC0875,PANDEMIC INFLUENZA VACCINE H5N1 ASTRAZENECA
SCT_NUVA-10451002000104,VAC0876,CINQUERIX
SCT_NUVA-10461002000102,VAC0877,INFANRIX HEPB
SCT_NUVA-10471002000107,VAC0878,TRITANRIX
SCT_NUVA-10481002000105,VAC0879,ACELLUVAX
SCT_NUVA-10491002000108,VAC0880,"Pentavalent Diphtheria-Tetanus-Pertussis-Hib-Polio (DTPerHibIPV) vaccine, unspecified"
SCT_NUVA-10511002000104,VAC0881,"Live attenuated Japanese Encephalitis vaccine, unspecified"
SCT_NUVA-10531002000108,VAC0882,CANDID 1
SCT_NUVA-10541002000100,VAC0883,ENTEROVACCINO TIFICO SCLAVO
SCT_NUVA-10551002000103,VAC0884,DIF-PER-TET-ALL CHIRON
SCT_NUVA-10561002000101,VAC0885,INFLUPOZZI ZONALE
SCT_NUVA-10571002000106,VAC0886,MONO OPV1
SCT_NUVA-10581002000109,VAC0887,POLIORAL
SCT_NUVA-10591002000107,VAC0888,QUATTVAXEM
SCT_NUVA-10601002000101,VAC0889,MONO OPV3
SCT_NUVA-10611002000103,VAC0890,NEOTYF
SCT_NUVA-10621002000109,VAC0891,PNEUMOPUR
SCT_NUVA-10631002000107,VAC0892,POLIOVAX-IN
SCT_NUVA-10641002000104,VAC0893,VACCINO ANTICOLERICO SCLAVO
SCT_NUVA-10661002000100,VAC0894,"Adenovirus vaccine, unspecified"
SCT_NUVA-10681002000108,VAC0895,"Venezuelan Equine Encephalitis Vaccine, Unspecified"
SCT_NUVA-10701002000106,VAC0896,"Q fever vaccine, unspecified"
SCT_NUVA-10721002000103,VAC0897,"Hantavirus vaccine, unspecified"
SCT_NUVA-10741002000108,VAC0898,"Leishmaniasis vaccine, unspecified"
SCT_NUVA-10761002000107,VAC0899,"Human Parainfluenza Virus Vaccine, unspecified"
SCT_NUVA-10771002000102,VAC0900,PREVENAR 20
SCT_NUVA-10781002000104,VAC0901,MENCEVAX ACW
SCT_NUVA-10801002000100,VAC0902,"Rabies vaccine Semple type, unspecified"
SCT_NUVA-10821002000108,VAC0903,"Rabies vaccine Fuenzalida type, unspecified"
SCT_NUVA-10841002000103,VAC0904,"Rabies duck embryo vaccine, unspecified"
SCT_NUVA-10861002000104,VAC0905,"Rabies vaccine PHKCV, unspecified"
SCT_NUVA-10881002000107,VAC0906,"Shingles vaccine, unspecified"
SCT_NUVA-10901002000109,VAC0907,"Vaccine against adenovirus type 4, unspecified"
SCT_NUVA-10921002000101,VAC0908,"Vaccine against adenovirus type 7, unspecified"
SCT_NUVA-10931002000103,VAC0909,Botulinum antitoxin
SCT_NUVA-10941002000106,VAC0910,"Inactivated hepatitis A vaccine, adult dose, unspecified"
SCT_NUVA-10951002000108,VAC0911,"Hepatitis A whole inactivated vaccine, monovalent, pediatric dose, unspecified"
SCT_NUVA-10971002000100,VAC0912,"Hepatitis A vaccine, pediatric dose, unspecified"
SCT_NUVA-10981002000102,VAC0913,BIMERVAX
SCT_NUVA-10991002000104,VAC0914,"Hepatitis B vaccine, monovalent, pediatric dose, unspecified"
SCT_NUVA-11001002000103,VAC0915,"Hepatitis B vaccine, monovalent, adult dose, unspecified"
SCT_NUVA-11011002000100,VAC0916,"Hepatitis B vaccine, monovalent, dialysis patient dosage, unspecified"
SCT_NUVA-11021002000106,VAC0917,"Hepatitis E vaccine, unspecified"
SCT_NUVA-11031002000109,VAC0918,"PRP-D Hib vaccine, unspecified"
SCT_NUVA-11041002000101,VAC0919,"Hib hbOC vaccine, unspecified"
SCT_NUVA-11051002000104,VAC0920,"Diphtheria-tetanus Td vaccine, unspecified"
SCT_NUVA-11071002000107,VAC0921,"Japanese encephalitis vaccine, unspecified"
SCT_NUVA-11081002000105,VAC0922,"Live attenuated adenovirus vaccine, type 4 and type 7, oral"
SCT_NUVA-11101002000104,VAC0923,"Respiratory Syncytial Virus monoclonal antibody, unspecified"
SCT_NUVA-11121002000107,VAC0924,FLUZONE INTRADERMAL
SCT_NUVA-11131002000105,VAC0925,"Trivalent inactivated influenza vaccine, unspecified"
SCT_NUVA-11151002000100,VAC0926,FLUCELVAX
SCT_NUVA-11161002000103,VAC0927,"COVID-19 mRNA vaccine, paediatric dose, unspecified"
SCT_NUVA-11181002000106,VAC0928,"Live attenuated Hepatitis A vaccine, unspecified"
SCT_NUVA-11201002000107,VAC0929,"Influenza quadrivalent inactivated vaccine, pediatric dose, unspecified"
SCT_NUVA-11221002000104,VAC0930,AD5-NCOV COVID-19 INHALATION VACCINE
SCT_NUVA-11241002000109,VAC0931,FLUBLOK QUADRIVALENT
SCT_NUVA-11251002000106,VAC0932,"Quadrivalent recombinant influenza vaccine, unspecified"
SCT_NUVA-11261002000108,VAC0933,"TICOVAC 2,7µg"
SCT_NUVA-11271002000103,VAC0934,VACCIN OREILLONS AVENTIS PASTEUR MSD
SCT_NUVA-11281002000100,VAC0935,VACCIN RABIQUE INACTIVE MERIEUX
SCT_NUVA-11291002000102,VAC0936,VACCIN PNEUMOCOCCIQUE POLYOSIDIQUE AVENTIS PASTEUR MSD
SCT_NUVA-11311002000103,VAC0937,"Botulism vaccine, unspecified"
SCT_NUVA-11321002000109,VAC0938,"Quadrivalent influenza vaccine, unspecified"
SCT_NUVA-11341002000104,VAC0939,PREHEVBRIO
SCT_NUVA-11361002000100,VAC0940,SPUTNIK-LIGHT
SCT_NUVA-11381002000108,VAC0941,"Immunoglobulin against anthrax, unspecified"
SCT_NUVA-11391002000106,VAC0942,"Chicken embryo rabies vaccine, unspecified"
SCT_NUVA-11401002000108,VAC0943,"Rabies vaccine diploid cells, unspecified"
SCT_NUVA-11421002000100,VAC0944,"Inactivated whole virion oral cholera vaccine, unspecified"
SCT_NUVA-11441002000105,VAC0945,"Meningococcal vaccine serogroup unknown, unspecified"
SCT_NUVA-11451002000107,VAC0946,TYPHIDRALL
SCT_NUVA-11461002000109,VAC0947,IMMU-PHILUS
SCT_NUVA-11471002000104,VAC0948,BACITHRAX
SCT_NUVA-11481002000101,VAC0949,IMOVAX BCG
SCT_NUVA-11491002000103,VAC0950,IMOVAX DTP
SCT_NUVA-11501002000109,VAC0951,IMOVAX POLIO ORALE
SCT_NUVA-11511002000107,VAC0952,IMOVAX COLERA
SCT_NUVA-11521002000101,VAC0953,PROCOMVAX
SCT_NUVA-11531002000103,VAC0954,JAPANESE ENCEPHALITIS VACCINE
SCT_NUVA-11541002000106,VAC0955,PULMOVAX
SCT_NUVA-11551002000108,VAC0956,VACCINO COLERICO BERNA
SCT_NUVA-11561002000105,VAC0957,VACCINO BCG BERNA
SCT_NUVA-11571002000100,VAC0958,ADIUGRIP
SCT_NUVA-11581002000102,VAC0959,STREPTOPUR
SCT_NUVA-11591002000104,VAC0960,VIATIM
SCT_NUVA-11601002000105,VAC0961,ANATOXAL TE N
SCT_NUVA-11611002000108,VAC0962,ANATOXAL DI TE N ADULT
SCT_NUVA-11621002000102,VAC0963,ANATOXAL DI TE PER
SCT_NUVA-11631002000104,VAC0964,ANATOXAL DI
SCT_NUVA-11641002000107,VAC0965,ANATOXAL TE TAB
SCT_NUVA-11651002000109,VAC0966,JYNNEOS
SCT_NUVA-11661002000106,VAC0967,HEPASOMA
SCT_NUVA-11671002000101,VAC0968,INFLEXAL V
SCT_NUVA-11681002000103,VAC0969,LYSSAVAC N BERNA
SCT_NUVA-11691002000100,VAC0970,TETATOX
SCT_NUVA-11701002000100,VAC0971,VACCINO ANTIVAIOLOSO LANCY
SCT_NUVA-11711002000102,VAC0972,VIROFLUSOMA
SCT_NUVA-11721002000108,VAC0973,VIROFLU
SCT_NUVA-11731002000106,VAC0974,MENCEVAX AC
SCT_NUVA-11741002000103,VAC0975,PERTURIX
SCT_NUVA-11751002000101,VAC0976,VACCINO ANTICOLERICO ISI
SCT_NUVA-11761002000104,VAC0977,ENTEROVACCINO ISI
SCT_NUVA-11771002000109,VAC0978,VAC.DIFTO TETANO ISI
SCT_NUVA-11781002000107,VAC0979,VACCINO ANTITETANICO ISI
SCT_NUVA-11791002000105,VAC0980,VAC.DPT ISI
SCT_NUVA-11801002000106,VAC0981,VACCINO PERTOSSE ISI
SCT_NUVA-11811002000109,VAC0982,VACCINO TIFICO ISI
SCT_NUVA-11821002000103,VAC0983,VACCINO ANTIPOL ISI
SCT_NUVA-11831002000100,VAC0984,VACCINO ANTIVAIOLOSO ISI
SCT_NUVA-11841002000108,VAC0985,VACCINO TAB TE ISI
SCT_NUVA-11851002000105,VAC0986,H ATETAL ISI
SCT_NUVA-11861002000107,VAC0987,TANRIX
SCT_NUVA-11871002000102,VAC0988,VACCINO MENINGOCOCCICO POLISACCARIDICO TETRAVALENTE GSK
SCT_NUVA-11881002000104,VAC0989,HANTAVAX
SCT_NUVA-11891002000101,VAC0990,ALPHARIX
SCT_NUVA-11901002000102,VAC0991,FLULAVAL QUADRIVALENT
SCT_NUVA-11911002000104,VAC0992,AFLURIA QUADRIVALENT
SCT_NUVA-11921002000105,VAC0993,TD ADSORBED
SCT_NUVA-11931002000108,VAC0994,VARIVAX II
SCT_NUVA-11941002000100,VAC0995,IMVAMUNE
SCT_NUVA-11961002000101,VAC0996,ACAM2000
SCT_NUVA-11971002000106,VAC0997,"Pneumococcal 13-valent conjugate vaccine, unspecified"
SCT_NUVA-11991002000107,VAC0998,LC16
SCT_NUVA-12001002000109,VAC0999,WETVAX APSV
SCT_NUVA-12011002000107,VAC1000,VACV VACCINIA VIRUS LISTER ELSTREE
SCT_NUVA-12021002000101,VAC1001,V4020 VEEV VACCINE
SCT_NUVA-12031002000103,VAC1002,Q-VAX
SCT_NUVA-12041002000106,VAC1003,TEDIVAX PRO ADULTO
SCT_NUVA-12051002000108,VAC1004,TEDIVAX
SCT_NUVA-12061002000105,VAC1005,REVAC-B PLUS ADULT VACCINE
SCT_NUVA-12071002000100,VAC1006,SHANVAC B
SCT_NUVA-12081002000102,VAC1007,ISTIVAC4
SCT_NUVA-12091002000104,VAC1008,DITEMER
SCT_NUVA-12101002000108,VAC1009,TETAMER
SCT_NUVA-12111002000106,VAC1010,TRIAMER
SCT_NUVA-12121002000100,VAC1011,DITEKIBOOSTER
SCT_NUVA-12131002000102,VAC1012,PICOVAX
SCT_NUVA-12151002000107,VAC1013,FLUBLOK TRIVALENT
SCT_NUVA-12161002000109,VAC1014,PROVARIVAX
SCT_NUVA-12171002000104,VAC1015,COMBIVAX
SCT_NUVA-12181002000101,VAC1016,IDFLU
SCT_NUVA-12211002000102,VAC1017,SPIKEVAX BIVALENT ORIGINAL/OMICRON BA.1 (50 µg/50 µg)/mL MULTIDOSE MODERNA
SCT_NUVA-12221002000108,VAC1018,NOORA VACCINE
SCT_NUVA-12231002000106,VAC1019,"SPIKEVAX 0,1 mg/mL MODERNA"
SCT_NUVA-12241002000103,VAC1020,VACCIN HEPATITE A AVENTIS PASTEUR MSD
SCT_NUVA-12271002000109,VAC1021,COMIRNATY ORIGINAL/OMICRON BA.1 (15/15 µg) BIONTECH-PFIZER
SCT_NUVA-12291002000105,VAC1022,COMIRNATY 3 µg 6 MOIS-4 ANS BIONTECH-PFIZER
SCT_NUVA-12311002000109,VAC1023,COMIRNATY ORIGINAL/OMICRON BA.4-5 (15/15 µg) BIONTECH-PFIZER
SCT_NUVA-12331002000100,VAC1024,SPIKEVAX BIVALENT ORIGINAL/OMICRON BA.4-5 (50 µg/50 µg)/mL MODERNA
SCT_NUVA-12341002000108,VAC1025,CORBEVAX
SCT_NUVA-12351002000105,VAC1026,SOBERANA 02 FINLAY-FR-2 COVID-19 VACCINE
SCT_NUVA-12371002000102,VAC1027,KOVIVAC CHUMAKOV COVID-19 VACCINE
SCT_NUVA-12381002000104,VAC1028,RECOMBIVAX HB DIALYSÉ
SCT_NUVA-12391002000101,VAC1029,QUINTANRIX
SCT_NUVA-12401002000104,VAC1030,GEMCOVAC-19
SCT_NUVA-12411002000101,VAC1031,SPIKEVAX 50 µg MONODOSE MODERNA
SCT_NUVA-12441002000102,VAC1032,SPIKEVAX BIVALENT ORIGINAL/OMICRON BA.1 (25 µg/25 µg) MODERNA
SCT_NUVA-12471002000108,VAC1033,COMIRNATY ORIGINAL/OMICRON BA.4-5 (5/5 µg) BIONTECH-PFIZER
SCT_NUVA-12481002000106,VAC1034,HEBERBIOVAC B 10 µg
SCT_NUVA-12491002000109,VAC1035,HEBERBIOVAC HB 20 µg
SCT_NUVA-12511002000100,VAC1036,SPIKEVAX BIVALENT ORIGINAL/OMICRON BA.4-5 25 µg/25 µg MODERNA
SCT_NUVA-12521002000106,VAC1037,"Tick-borne encephalitis vaccine, Neudörfl strain, paediatric dose, unspecified"
SCT_NUVA-12531002000109,VAC1038,"Tick-borne encephalitis vaccine, Neudörfl strain, adult dose, unspecified"
SCT_NUVA-12541002000101,VAC1039,"COVID-19 mRNA vaccine, original virus, 50 µg, unspecified"
SCT_NUVA-12561002000102,VAC1040,AREXVY
SCT_NUVA-12581002000105,VAC1041,"COVID-19 mRNA vaccine, unspecified"
SCT_NUVA-12601002000102,VAC1042,"COVID-19 vaccine, non-replicating viral vector, unspecified"
SCT_NUVA-12611002000104,VAC1043,"COVID-19 vaccine, protein subunit, unspecified"
SCT_NUVA-12621002000105,VAC1044,"COVID-19 vaccine, whole virion inactivated, unspecified"
SCT_NUVA-12631002000108,VAC1045,INFANRIX-IPV/HIB
SCT_NUVA-12651002000103,VAC1046,BEYFORTUS 50 MG (NIRSEVIMAB)
SCT_NUVA-12671002000106,VAC1047,ABRYSVO
SCT_NUVA-12681002000109,VAC1048,DECAVAC
SCT_NUVA-12691002000107,VAC1049,TDVAX
SCT_NUVA-12701002000107,VAC1050,BEYFORTUS 100 MG (NIRSEVIMAB)
SCT_NUVA-12721002000104,VAC1051,PFIZER COMIRNATY-30 XBB.1.5
SCT_NUVA-12741002000109,VAC1052,PFIZER COMIRNATY-10 XBB.1.5
SCT_NUVA-12761002000108,VAC1053,PFIZER COMIRNATY-3 XBB.1.5
SCT_NUVA-12791002000102,VAC1054,"COMIRNATY ORIGINAL/OMICRON BA.4-5 (1,5/1,5 µg)"
SCT_NUVA-12811002000103,VAC1055,NUVAXOVID XBB.1.5
SCT_NUVA-12831002000107,VAC1056,R21/MATRIX-M
SCT_NUVA-12841002000104,VAC1057,ENGERIX B JUNIOR
SCT_NUVA-12861002000100,VAC1058,"SPIKEVAX XBB.1.5 0,1 mg/mL dose 50 µg MODERNA"
SCT_NUVA-12881002000108,VAC1059,"SPIKEVAX XBB.1.5 0,1 mg/mL dose 25 µg MODERNA"
SCT_NUVA-12891002000106,VAC1060,SPIKEVAX XBB.1.5 50 µg MODERNA
SCT_NUVA-12901002000105,VAC1061,PENBRAYA
SCT_NUVA-12921002000102,VAC1062,CMV immune globulin
SCT_NUVA-12941002000107,VAC1063,"Hepatitis C vaccine, unspecified"
SCT_NUVA-12961002000106,VAC1064,"HIV vaccine, unspecified"
SCT_NUVA-12981002000103,VAC1065,Leprosy vaccine
SCT_NUVA-13001002000104,VAC1066,"Melanoma vaccine, unspecified"
SCT_NUVA-13021002000107,VAC1067,"Streptococcus pyogenes vaccine, unspecified"
SCT_NUVA-13041002000102,VAC1068,"Rift Valley fever vaccine, unspecified"
SCT_NUVA-13061002000103,VAC1069,Vaccinia immune globulin
SCT_NUVA-13071002000108,VAC1070,FLUZONE HIGH-DOSE QUADRIVALENT SOUTHERN HEMISPHERE
SCT_NUVA-13091002000109,VAC1071,"RSV antibody or vaccine, unspecified"
SCT_NUVA-13101002000100,VAC1072,"COVID-19 mRNA vaccine, original virus, 25 µg, unspecified"
SCT_NUVA-13121002000108,VAC1073,"Lyme disease vaccine, unspecified"
SCT_NUVA-13131002000106,VAC1074,CYFENDUS
SCT_NUVA-13151002000101,VAC1075,"Acellular anthrax vaccine, unspecified"
SCT_NUVA-13201002000108,VAC1076,UROMUNE (MV 140)
SCT_NUVA-13221002000100,VAC1077,ENVAX-A71
SCT_NUVA-13231002000102,VAC1078,ENVACGEN
SCT_NUVA-13261002000109,VAC1079,VAX-SPIRAL
SCT_NUVA-13271002000104,VAC1080,COVAXIN
SCT_NUVA-13301002000102,VAC1081,BAYGAM
SCT_NUVA-13311002000104,VAC1082,BAYHEP B
SCT_NUVA-13321002000105,VAC1083,BAYRAB
SCT_NUVA-13331002000108,VAC1084,BAYTET
SCT_NUVA-13341002000100,VAC1085,MYCOBAX
SCT_NUVA-13391002000107,VAC1086,PNEUMUNE
SCT_NUVA-13401002000109,VAC1087,HYPERTET
SCT_NUVA-13411002000107,VAC1088,HYPERRAB
SCT_NUVA-13421002000101,VAC1089,HYPERHEP B
SCT_NUVA-13431002000103,VAC1090,MENZB
SCT_NUVA-13441002000106,VAC1091,VARIZIG
SCT_NUVA-13451002000108,VAC1092,KAMRAB
SCT_NUVA-13461002000105,VAC1093,HEPAGAM
SCT_NUVA-13481002000102,VAC1094,OROCHOL
SCT_NUVA-13491002000104,VAC1095,MVA85A
SCT_NUVA-13501002000105,VAC1096,MORCVAX
SCT_NUVA-13511002000108,VAC1097,CYTOGAM
SCT_NUVA-13521002000102,VAC1098,XANAFLU
SCT_NUVA-13541002000107,VAC1099,BABYBIG
SCT_NUVA-13551002000109,VAC1100,BOTULISM ANTITOXIN BEHRING
SCT_NUVA-13561002000106,VAC1101,DOTARICIN
SCT_NUVA-13571002000101,VAC1102,HIB-IMMUNE
SCT_NUVA-13581002000103,VAC1103,HIB-VAX
SCT_NUVA-13591002000100,VAC1104,DIPHTHERIA ANTITOXIN B.P.
SCT_NUVA-13601002000106,VAC1105,BAT EMERGENT BIOSOLUTIONS
SCT_NUVA-13611002000109,VAC1106,"COVID-19 VLP vaccine, unspecified"
SCT_NUVA-13631002000100,VAC1107,"Whole inactivated Cholera vaccine, unspecified"
SCT_NUVA-13661002000107,VAC1108,"COVID-19 bivalent mRNA vaccine, original virus + Omicron BA.1 variant, unspecified"
SCT_NUVA-13671002000102,VAC1109,"ACW unconjugated meningococcal vaccine, unspecified"
SCT_NUVA-13681002000104,VAC1110,"Meningococcal C vaccine unconjugated, unspecified"
SCT_NUVA-13691002000101,VAC1111,"Japanese Encephalitis Vaccine, whole inactivated, prepared on Vero cells, unspecified"
SCT_NUVA-13701002000101,VAC1112,"Live attenuated quadrivalent influenza vaccine, unspecified"
SCT_NUVA-13711002000103,VAC1113,"COVID-19 protein subunit vaccine, recombinant spike protein, unspecified"
SCT_NUVA-13721002000109,VAC1114,"Vaccine against typhoid fever and hepatitis A, unspecified"
SCT_NUVA-13731002000107,VAC1115,"Pentavalent vaccine DTPaHibP - Diphtheria-Tetanus-Pertussis-Hib PRP-Polio, unspecified"
SCT_NUVA-13741002000104,VAC1116,"Rabies vaccine, whole inactivated, prepared in Vero cell culture, unspecified"
SCT_NUVA-13751002000102,VAC1117,"COVID-19 bivalent mRNA vaccine against the original virus and the Omicron BA.4/5 variant, 5 micrograms, unspecified"
SCT_NUVA-13761002000100,VAC1118,"Enterovirus A71 vaccine, unspecified"
SCT_NUVA-13771002000105,VAC1119,"COVID-19 inactivated vaccine, whole virus, authorized, unspecified"
SCT_NUVA-13781002000108,VAC1120,"Trivalent leptospirosis vaccine, unspecified"
SCT_NUVA-13791002000106,VAC1121,"Hexavalent vaccine DTPaHibPHepB - Diphtheria-Tetanus-Pertussis-Hib-Polio-Hepatitis B 10µg, unspecified"
SCT_NUVA-13801002000107,VAC1122,"1st generation live smallpox vaccine, unspecified"
SCT_NUVA-13811002000105,VAC1123,"Live attenuated trivalent influenza vaccine, unspecified"
SCT_NUVA-13821002000104,VAC1124,"Inactivated whole virus COVID-19 vaccine, in clinical trial, unspecified"
SCT_NUVA-13831002000101,VAC1125,"Hepatitis B vaccine, unspecified"
SCT_NUVA-13841002000109,VAC1126,"Pentavalent DTP Hib vaccine - Diphtheria-Tetanus-Pertussis-Hib PRP-Polio, unspecified"
SCT_NUVA-13851002000106,VAC1127,"Immunoglobulin against hepatitis A, measles, chickenpox and rubella, unspecified"
SCT_NUVA-13861002000108,VAC1128,"COVID-19 plasmid DNA vaccine, unspecified"
SCT_NUVA-13871002000103,VAC1129,"COVID-19 protein subunit vaccine, recombinant spike protein in nanoparticles, unspecified"
SCT_NUVA-13881002000100,VAC1130,"Trivalent inactivated seasonal influenza vaccine and tetanus toxoid, unspecified"
SCT_NUVA-13891002000102,VAC1131,"17-valent unconjugated pneumococcal vaccine, unspecified"
SCT_NUVA-13901002000103,VAC1132,"COVID-19 bivalent mRNA vaccine, original virus + Omicron BA.4/5 variant, 1.5 micrograms, unspecified"
SCT_NUVA-13911002000100,VAC1133,"Meningococcal ACWY polysaccharide conjugate vaccine, unspecified"
SCT_NUVA-13921002000106,VAC1134,"Live attenuated vaccine against Argentine hemorrhagic fever, Junin virus, unspecified"
SCT_NUVA-13931002000109,VAC1135,"COVID-19 Plasmid DNA vaccine with non-replicating viral vector, adenovirus encoding the spike protein of SARS-CoV-2, by inhalation, unspecified"
SCT_NUVA-13941002000101,VAC1136,"23-valent Pneumococcus conjugate vaccine, unspecified"
SCT_NUVA-13951002000104,VAC1137,"Whole inactivated tick-borne encephalitis vaccine, strain K23, unspecified"
SCT_NUVA-13961002000102,VAC1138,COVID-19 recombinant protein subunit vaccine
SCT_NUVA-13971002000107,VAC1139,"COVID-19 vaccine, non-replicating vector, Newcastle disease virus encoding the SARS-CoV-2 spike protein, unspecified"
SCT_NUVA-13981002000105,VAC1140,"COVID-19 bivalent mRNA vaccine against the original virus and the Omicron BA.4/5 variant, 25 micrograms, unspecified"
SCT_NUVA-14001002000101,VAC1141,"Bird Flu H5N8 Vaccine, unspecified"
SCT_NUVA-14011002000103,VAC1142,"COVID-19 vaccine, non-replicating vector, antigen-presenting cells, unspecified"
SCT_NUVA-14021002000109,VAC1143,"COVID-19 vaccine with non-replicating viral vector, adenovirus encoding the spike protein of SARS-CoV-2, unspecified"
SCT_NUVA-14031002000107,VAC1144,"COVID-19 protein subunit vaccine, recombinant SARS-CoV-2 spike protein, S-2P and CpG1018, unspecified"
SCT_NUVA-14041002000104,VAC1145,"Recombinant hepatitis B vaccine, three antigens, unspecified"
SCT_NUVA-14051002000102,VAC1146,"Inactivated quadrivalent influenza vaccine, high dose, unspecified"
SCT_NUVA-14061002000100,VAC1147,"Human monoclonal antibody against respiratory syncytial virus (RSV), nirsevimab, unspecified"
SCT_NUVA-14071002000105,VAC1148,"Haemophilus influenzae type b vaccine, unconjugated polysaccharide, unspecified"
SCT_NUVA-14081002000108,VAC1149,"Oral live attenuated cholera vaccine, unspecified"
SCT_NUVA-14091002000106,VAC1150,"COVID-19 mRNA vaccine encoding the spike protein of SARS-CoV-2, original virus, 30 micrograms, unspecified"
SCT_NUVA-14101002000102,VAC1151,"Quadrivalent DTPeP vaccine - Diphtheria-Tetanus-Pertussis-Polio, unspecified"
SCT_NUVA-14111002000104,VAC1152,"Meningococcal B vaccine containing fHbp of subfamilies A and B, unspecified"
SCT_NUVA-14121002000105,VAC1153,"Quadrivalent meningococcal ACWY vaccine, diphtheria toxoid conjugate, unspecified"
SCT_NUVA-14131002000108,VAC1154,"Whole inactivated mumps vaccine, unspecified"
SCT_NUVA-14141002000100,VAC1155,"Plasma hepatitis B vaccine, unspecified"
SCT_NUVA-14151002000103,VAC1156,"Immunoglobulin against botulism, unspecified"
SCT_NUVA-14161002000101,VAC1157,"3rd generation smallpox vaccine, modified Ankara vaccinia virus, unspecified"
SCT_NUVA-14171002000106,VAC1158,"COVID-19 mRNA vaccine against the Omicron XBB.1.5 variant, 3 micrograms, unspecified"
SCT_NUVA-14181002000109,VAC1159,"Recombinant trivalent influenza vaccine, unspecified"
SCT_NUVA-14191002000107,VAC1160,"2nd generation live smallpox vaccine, unspecified"
SCT_NUVA-14201002000105,VAC1161,"Quadrivalent DTPeP vaccine - Diphtheria-Tetanus-Pertussis-Hib PRP, unspecified"
SCT_NUVA-14211002000108,VAC1162,"COVID-19 mRNA vaccine, bivalent, original virus and Omicron BA.1 variant, 15 micrograms, unspecified"
SCT_NUVA-14221002000102,VAC1163,"20-valent Pneumococcus conjugate vaccine, unspecified"
SCT_NUVA-14231002000104,VAC1164,"Quadrivalent DTPaHib- Diphtheria-Tetanus-Pertussis-Hib PRP vaccine, unspecified"
SCT_NUVA-14241002000107,VAC1165,"Diphtheria toxoid, standard dose, unspecified"
SCT_NUVA-14251002000109,VAC1166,"COVID-19 mRNA vaccine encoding the SARS-CoV-2 spike protein, currently in clinical trial, unspecified"
SCT_NUVA-14261002000106,VAC1167,"Acellular Pertussis Vaccine, unspecified"
SCT_NUVA-14271002000101,VAC1168,"Quadrivalent DTPeHib- Diphtheria-Tetanus-Pertussis-Hib OC vaccine, unspecified"
SCT_NUVA-14281002000103,VAC1169,"COVID-19 Bivalent mRNA vaccine, original virus + Omicron BA.4/5 variant, 15 micrograms, unspecified"
SCT_NUVA-14291002000100,VAC1170,"Non-replicating viral vector COVID-19 vaccine, chimpanzee adenovirus ChadOx1 encoding the SARS-CoV-2 spike protein"
SCT_NUVA-14301002000104,VAC1171,"Inactivated trivalent influenza vaccine, high dose, unspecified"
SCT_NUVA-14311002000101,VAC1172,"Diphtheria toxoid, reduced dose, unspecified"
SCT_NUVA-14321002000107,VAC1173,"COVID-19 vaccine with replicative viral vector, influenza virus encoding the spike protein of SARS-CoV-2, unspecified"
SCT_NUVA-14331002000105,VAC1174,"Pentavalent DTPaPHepB vaccine - Diphtheria-Tetanus-Pertussis-Polio-Hepatitis B 10µg, unspecified"
SCT_NUVA-14341002000102,VAC1175,"Inactivated trivalent influenza vaccine cell culture, normal dose, unspecified"
SCT_NUVA-14351002000100,VAC1176,"COVID-19 vaccine with non-replicating viral vector, adenovirus 5 encoding the S and N proteins of SARS-CoV-2, unspecified"
SCT_NUVA-14361002000103,VAC1177,"3rd generation smallpox vaccine, live vaccinia virus with minimal replication, unspecified"
SCT_NUVA-14371002000108,VAC1178,"Tetravalent Dengue vaccine, live attenuated chimeric recombinant, unspecified"
SCT_NUVA-14381002000106,VAC1179,"Cholera and typhoid vaccine, injectable, unspecified"
SCT_NUVA-14391002000109,VAC1180,"Recombinant Lyme disease vaccine, unspecified"
SCT_NUVA-14401002000106,VAC1181,"Pentavalent vaccine DTPeHibHepB - Diphtheria-Tetanus-Pertussis-Hib PRP-HepatitisB 10µg, unspecified"
SCT_NUVA-14411002000109,VAC1182,"Meningococcal ACWY polysaccharide vaccine conjugated to tetanus toxoid, unspecified"
SCT_NUVA-14421002000103,VAC1183,"Non-replicating viral vector Ebola vaccine, unspecified"
SCT_NUVA-14431002000100,VAC1184,"Meningococcal C polysaccharide vaccine conjugated to tetanus toxoid, unspecified"
SCT_NUVA-14441002000108,VAC1185,"COVID-19 vaccine with non-replicating viral vector, adenovirus 26 encoding the spike protein of SARS-CoV-2, unspecified"
SCT_NUVA-14451002000105,VAC1186,"COVID-19 vaccine with replicative viral vector with antigen-presenting cells, unspecified"
SCT_NUVA-14461002000107,VAC1187,"COVID-19 vaccine with replicative viral vector, measles virus encoding the SARS-CoV-2 spike protein, unspecified"
SCT_NUVA-14471002000102,VAC1188,"COVID-19 mRNA vaccine encoding the spike protein of SARS-CoV-2, original virus, 3 micrograms, unspecified"
SCT_NUVA-14481002000104,VAC1189,"Non-replicating vector COVID-19 vaccine, modified Ankara vaccine encoding the SARS-CoV-2 spike protein, unspecified"
SCT_NUVA-14491002000101,VAC1190,"COVID-19 vaccine with replicative viral vector, vesicular stomatitis virus encoding the SARS-CoV-2 spike protein, unspecified"
SCT_NUVA-14501002000107,VAC1191,"Vaccine for the prevention of urinary infections in women, unspecified"
SCT_NUVA-14511002000105,VAC1192,"Pentavalent vaccine DTPePHibHepB - Diphtheria-Tetanus-Pertussis-Hib OC-HepatitisB 10µg, unspecified"
SCT_NUVA-14521002000104,VAC1193,"Japanese encephalitis vaccine, live recombinant attenuated, unspecified"
SCT_NUVA-14531002000101,VAC1194,"Tetanus, typhoid and paratypoid A and B vaccines, unspecified"
SCT_NUVA-14541002000109,VAC1195,"COVID-19 vaccine with non-replicating viral vector, adenovirus 26 encoding the spike protein of SARS-CoV-2, in clinical trial, unspecified"
SCT_NUVA-14551002000106,VAC1196,"Japanese encephalitis vaccine, whole inactivated prepared from murine brain tissue, unspecified"
SCT_NUVA-14561002000108,VAC1197,"COVID-19 vaccine with chimpanzee adenovirus and self-amplifying mRNA, unspecified"
SCT_NUVA-14571002000103,VAC1198,"Chinkungunya vaccine, live attenuated, unspecified"
SCT_NUVA-14581002000100,VAC1199,"Recombinant vesicular stomatitis replicative viral vector Ebola vaccine (rVSV) - EBOV GP glycoprotein, unspecified"
SCT_NUVA-14591002000102,VAC1200,"Quadrivalent influenza vaccine, on cell culture, unspecified"
SCT_NUVA-14601002000108,VAC1201,"Tetravalent Dengue vaccine, live attenuated chimeric recombinant based on 17D yellow fever vaccine, unspecified"
SCT_NUVA-14611002000106,VAC1202,"COVID-19 vaccine with live attenuated virus, unspecified"
SCT_NUVA-14621002000100,VAC1203,"Brucellosis vaccine, protein (P.I. antigen)"
SCT_NUVA-14641002000105,VAC1204,"COVID-19 protein subunit vaccine, recombinant spike protein, with adjuvant, unspecified"
SCT_NUVA-14651002000107,VAC1205,"Ebola virus vaccine, recombinant live non-replicating viral vector Ad26.ZEBOV, unspecified"
SCT_NUVA-14661002000109,VAC1206,"COVID-19 vaccine with self-amplifying mRNA, unspecified"
SCT_NUVA-14671002000104,VAC1207,"COVID-19 vaccine with replicative viral vector, Newcastle disease virus encoding the SARS-CoV-2 spike protein, unspecified"
SCT_NUVA-14681002000101,VAC1208,"Quadrivalent DTPeHepB vaccine - Diphtheria-Tetanus-Pertussis-HepatitisB 10µg, unspecified"
SCT_NUVA-14691002000103,VAC1209,"Measles vaccine, whole inactivated, unspecified"
SCT_NUVA-14701002000103,VAC1210,"COVID-19 mRNA vaccine encoding the SARS-CoV-2 spike protein, original virus, 100 micrograms, unspecified"
SCT_NUVA-14711002000100,VAC1211,"Meningococcal C polysaccharide vaccine conjugated to CRM197 protein, unspecified"
SCT_NUVA-14721002000106,VAC1212,"Trivalent Poliomyelitis vaccine, whole inactivated oral, unspecified"
SCT_NUVA-14731002000109,VAC1213,"Cholera vaccine containing recombinant cholera toxin B subunit and inactivated whole V. cholerae O1 bacteria, unspecified"
SCT_NUVA-14741002000101,VAC1214,"COVID-19 mRNA vaccine encoding the SARS-CoV-2 spike protein, against the Omicron XBB.1.5 variant, 10µg, unspecified"
SCT_NUVA-14751002000104,VAC1215,"Hexavalent vaccine DTPaHibPHepB - Diphtheria-Tetanus-Pertussis-Hib OMP-Polio-Hepatitis B 10µg, unspecified"
SCT_NUVA-14761002000102,VAC1216,"Quadrivalent DTPaHepB vaccine - Diphtheria-Tetanus-Pertussis-Hepatitis B 10µg, unspecified"
SCT_NUVA-14771002000107,VAC1217,"Vaccine against hepatitis B and Haemophilus influenzae type b, unspecified"
SCT_NUVA-14781002000105,VAC1218,"Meningococcal A polysaccharide vaccine conjugated to tetanus toxoid, unspecified"
SCT_NUVA-14791002000108,VAC1219,"Hexavalent vaccine DTPeHibMCV-A-C-T - Diphtheria-Tetanus-Pertussis-Hib PRP-Meningococcus A and C, conjugated with tetanus toxoid, unspecified"
SCT_NUVA-14801002000109,VAC1220,"Meningococcal CY and anti-Haemophilus influenzae type b vaccine, conjugated with tetanus toxoid, unspecified"
SCT_NUVA-14811002000107,VAC1221,"Trivalent vaccine against diphtheria, tetanus and rubella, unspecified"
SCT_NUVA-14821002000101,VAC1222,"Human monoclonal antibody against respiratory syncytial virus (RSV), palivizumab, unspecified"
SCT_NUVA-14831002000103,VAC1223,"Immunoglobulin against respiratory syncytial virus (RSV), unspecified"
SCT_NUVA-14841002000106,VAC1224,"Respiratory syncytial virus (RSV) vaccine, recombinant, F-glycoprotein (prefusion) RSV subtypes A and B, unspecified"
SCT_NUVA-14851002000108,VAC1225,"DT-TAB Diphtheria, tetanus, typhoid and paratypoid A and B vaccines, unspecified"
SCT_NUVA-14861002000105,VAC1226,"Combined hepatitis A and B vaccine, pediatric dose, unspecified"
SCT_NUVA-14871002000100,VAC1227,"Recombinant hepatitis B vaccine, pediatric dose, unspecified"
SCT_NUVA-14881002000102,VAC1228,"Respiratory syncytial virus (RSV) vaccine, recombinant, F protein-derived RSVPreF3 antigen, unspecified"
SCT_NUVA-14891002000104,VAC1229,Vaccine against meningococcal serogroups B (outer membrane vesicle proteins) and C
SCT_NUVA-14901002000100,VAC1230,"Meningococcal C and anti-Haemophilus influenzae type b vaccine, conjugated with tetanus toxoid, unspecified"
SCT_NUVA-14911002000102,VAC1231,"Pentavalent vaccine DTPaHibHepB- Diphtheria-Tetanus-Pertussis-Hib PRP-Hepatitis B 10μg, unspecified"
SCT_NUVA-14921002000108,VAC1232,"Acellular pertussis vaccine, reduced dose, unspecified"
SCT_NUVA-14931002000106,VAC1233,"10-valent Pneumococcus conjugate vaccine, unspecified"
SCT_NUVA-14941002000103,VAC1234,"15-valent unconjugated pneumococcal vaccine, unspecified"
SCT_NUVA-14951002000101,VAC1235,"RIX4414 monovalent rotavirus vaccine, unspecified"
SCT_NUVA-14961002000104,VAC1236,"COVID-19 protein subunit vaccine, recombinant spike protein in nanoparticles, Omicron subvariant XBB.1.5, unspecified"
SCT_NUVA-14971002000109,VAC1237,"Pre-erythrocytic malaria vaccine, unspecified"
SCT_NUVA-14981002000107,VAC1238,"Vaccine against hepatitis B and malaria, unspecified"
SCT_NUVA-14991002000105,VAC1239,"15-valent Pneumococcus conjugate vaccine, unspecified"
SCT_NUVA-15001002000100,VAC1240,"4-component meningococcal B vaccine, unspecified"
SCT_NUVA-15011002000102,VAC1241,"Shingles vaccine, varicella-zoster virus (VZV) surface glycoprotein E (gE), unspecified"
SCT_NUVA-15021002000108,VAC1242,"COVID-19 mRNA vaccine encoding the SARS-CoV-2 spike protein, Omicron XBB.1.5 variant, 25 micrograms"
SCT_NUVA-15031002000106,VAC1243,"COVID-19 mRNA vaccine encoding the SARS-CoV-2 spike protein, Omicron XBB.1.5 variant, 50 micrograms"
SCT_NUVA-15041002000103,VAC1244,"COVID-19 mRNA vaccine encoding the SARS-CoV-2 spike protein, Omicron XBB.1.5 variant, 30 micrograms"
SCT_NUVA-15051002000101,VAC1245,"ABCWY meningococcal vaccine, unspecified"
SCT_NUVA-15071002000109,VAC1246,VACCIN COVID-GRIPPE ARN MRNA-1083
SCT_NUVA-15081002000107,VAC1247,"Hepatitis A vaccine, unspecified"
SCT_NUVA-15091002000105,VAC1248,"Influenza/Covid 19 mRNA vaccine, unspecified"
SCT_NUVA-15101002000101,VAC1249,"Flu vaccine, trivalent inactivated, high dose, intradermal use, unspecified"
SCT_NUVA-15111002000103,VAC1250,EUVICHOL-S
SCT_NUVA-15121002000109,VAC1251,EUVICHOL-PLUS
SCT_NUVA-15131002000107,VAC1252,JE-CV
SCT_NUVA-15141002000104,VAC1253,CHIMERIVAX-JE
SCT_NUVA-15241002000106,VAC1254,CAPVAXIVE
SCT_NUVA-15261002000105,VAC1255,HEXASIIL
SCT_NUVA-15271002000100,VAC1256,"Hexavalent vaccine DTwPHibPHepB - Diphtheria-Tetanus-Pertussis-Hib-Polio-Hepatitis B 15µg, unspecified"
SCT_NUVA-15281002000102,VAC1257,"Cholera vaccine, whole inactivated oral, bivalent containing the whole inactivated V. cholerae O1 and O139 bacteria, unspecified"
SCT_NUVA-15301002000103,VAC1258,COMIRNATY JN.1 30 µg
SCT_NUVA-15321002000106,VAC1259,COMIRNATY JN.1 10 µg
SCT_NUVA-15341002000101,VAC1260,COMIRNATY JN.1 3 µg
SCT_NUVA-15361002000102,VAC1261,NUVAXOVID JN.1
SCT_NUVA-15381002000105,VAC1262,MRESVIA
SCT_NUVA-15401002000105,VAC1263,"COVID-19 mRNA vaccine encoding the SARS-COV-2 spike protein, authorized"
SCT_NUVA-15421002000102,VAC1264,"A(H5) avian influenza vaccine, unspecified"
SCT_NUVA-15431002000104,VAC1265,CLODIVAC
SCT_NUVA-15441002000107,VAC1266,PENMENVY
SCT_NUVA-15461002000106,VAC1267,VIMKUNYA
SCT_NUVA-15481002000103,VAC1268,SPIKEVAX JN.1 50 µg
SCT_NUVA-15501002000106,VAC1269,"SPIKEVAX JN.1 0,1 mg/mL dose 25 µg"
SCT_NUVA-15511002000109,VAC1270,"SPIKEVAX JN.1 0,1 mg/mL dose 50 µg"
SCT_NUVA-15521002000103,VAC1271,TYT BIOMED
SCT_NUVA-15541002000108,VAC1272,PSEUDOVAC
SCT_NUVA-15551002000105,VAC1273,DT BIOMED
SCT_NUVA-15561002000107,VAC1274,d BIOMED
SCT_NUVA-15571002000102,VAC1275,D BIOMED
SCT_NUVA-15581002000104,VAC1276,DTP BIOMED
SCT_NUVA-15601002000107,VAC1277,"Vaccine against chikungunya, unspecified"
SCT_NUVA-15611002000105,VAC1278,WALRINVAX
SCT_NUVA-15621002000104,VAC1279,Adjuvanted adsorbed anthrax vaccine
SCT_NUVA-15631002000101,VAC1280,"21-valent pneumococcal conjugate vaccine, unspecified"
SCT_NUVA-15641002000109,VAC1281,PENTABIO
SCT_NUVA-15651002000106,VAC1282,FLUBIO INFLUENZA HA
SCT_NUVA-15661002000108,VAC1283,INDOVAC
SCT_NUVA-15671002000103,VAC1284,NUSAGARD
SCT_NUVA-15681002000100,VAC1285,NOPV2 BIO FARMA
SCT_NUVA-15691002000102,VAC1286,VAKSIN COVID-19 BIO FARMA
SCT_NUVA-15701002000102,VAC1287,VAKSIN HEPATITIS B BIO FARMA
SCT_NUVA-15711002000104,VAC1288,VAKSIN POLIOMYELITIS BIO FARMA
SCT_NUVA-15721002000105,VAC1289,VAKSIN POLIOMYELITIS BIVALEN BIO FARMA
SCT_NUVA-15731002000108,VAC1290,MOPV1 BIO FARMA
SCT_NUVA-15741002000100,VAC1291,MOPV2 BIO FARMA
SCT_NUVA-15751002000103,VAC1292,BIO-TCV
SCT_NUVA-15761002000101,VAC1293,VAKSIN BCG KERING
SCT_NUVA-15771002000106,VAC1294,BIO-TD
SCT_NUVA-15781002000109,VAC1295,DT BIO FARMA
SCT_NUVA-15791002000107,VAC1296,DTP BIO FARMA
SCT_NUVA-15801002000108,VAC1297,TT BIO FARMA
SCT_NUVA-15811002000106,VAC1298,BETT
SCT_NUVA-15821002000100,VAC1299,BEVAC 10 µg
SCT_NUVA-15831002000102,VAC1300,BEVAC 20 µg
SCT_NUVA-15841002000105,VAC1301,BE Td
SCT_NUVA-15851002000107,VAC1302,COMBE FIVE
SCT_NUVA-15861002000109,VAC1303,VLA15
SCT_NUVA-15871002000104,VAC1304,BERAB
SCT_NUVA-15881002000101,VAC1305,MRBEV
SCT_NUVA-15901002000104,VAC1306,TYPHIBEV
SCT_NUVA-15921002000107,VAC1307,JEEV 6 µg
SCT_NUVA-15931002000105,VAC1308,DT BIOLOGICAL E LTD
SCT_NUVA-15941002000102,VAC1309,NOVEL ORAL (nOPV) TYPE 2 BIOLOGICAL E. LTD
SCT_NUVA-15951002000100,VAC1310,SII TD-VAC
SCT_NUVA-15971002000108,VAC1311,"Meningococcal ACWXY conjugate vaccine, unspecified"
SCT_NUVA-15981002000106,VAC1312,TT SII
SCT_NUVA-15991002000109,VAC1313,BCG SII
SCT_NUVA-16001002000105,VAC1314,MEASLES SII
SCT_NUVA-16011002000108,VAC1315,MUMPS SII
SCT_NUVA-16021002000102,VAC1316,RUBELLA SII
SCT_NUVA-16031002000104,VAC1317,CERVAVAC
SCT_NUVA-16041002000107,VAC1318,"DIPHTHERIA, TETANUS, PERTUSSIS AND HEPATITIS B SII"
SCT_NUVA-16051002000109,VAC1319,"DIPHTHERIA, TETANUS, PERTUSSIS AND HAEMOPHILUS INFLUENZAE B SII"
SCT_NUVA-16061002000106,VAC1320,"DIPHTHERIA, TETANUS, PERTUSSIS, HEPATITIS B AND HAEMOPHILUS INFLUENZAE B SII"
SCT_NUVA-16071002000101,VAC1321,HAEMOPHILUS INFLUENZAE B SII
SCT_NUVA-16081002000103,VAC1322,PNEUMOSIL
SCT_NUVA-16091002000100,VAC1323,MENFIVE
SCT_NUVA-16111002000107,VAC1324,NASOVAC-S
SCT_NUVA-16121002000101,VAC1325,GENEVAC-B 10 µg
SCT_NUVA-16131002000103,VAC1326,GENEVAC-B 20 µg
SCT_NUVA-16141002000106,VAC1327,HEPATITIS B SII
SCT_NUVA-16151002000108,VAC1328,TUBERVAC
SCT_NUVA-16161002000105,VAC1329,FLU-M
SCT_NUVA-16171002000100,VAC1330,FLU-M TETRA
SCT_NUVA-16181002000102,VAC1331,CELLDEMIC
SCT_NUVA-16201002000101,VAC1332,COMIRNATY KP.2 3 µg
SCT_NUVA-16221002000109,VAC1333,COMIRNATY KP.2 10 µg
SCT_NUVA-16241002000104,VAC1334,COMIRNATY KP.2 30 µg
SCT_NUVA-16251002000102,VAC1335,INCELLIPAN
SCT_NUVA-16261002000100,VAC1336,KOSTAIVE
SCT_NUVA-16281002000108,VAC1337,CONVACELL
SCT_NUVA-16291002000106,VAC1338,ZOONOTIC
SCT_NUVA-16311002000105,VAC1339,BIMERVAX XBB.1.16
SCT_NUVA-16321002000104,VAC1340,"SPIKEVAX BA.1 0,1 mg/mL dose 50 µg"
SCT_NUVA-16341002000109,VAC1341,"COVID-19 mRNA vaccine encoding the SARS-CoV-2 spike protein, Omicron XBB.1.5 variant, unspecified dose"
SCT_NUVA-16351002000106,VAC1342,IPVAX
SCT_NUVA-16361002000108,VAC1343,BORYUNG CELL CULTURE-DERIVED JAPANESE ENCEPHALITIS VACCINE
SCT_NUVA-16371002000103,VAC1344,BORYUNG JAPANESE ENCEPHALITIS VACCINE
SCT_NUVA-16381002000100,VAC1345,ZEROTYPH
SCT_NUVA-16391002000102,VAC1346,FLU QUADRIVALENT MCV
SCT_NUVA-16401002000100,VAC1347,EFLUELDA
SCT_NUVA-16411002000102,VAC1348,TETANA
SCT_NUVA-16421002000108,VAC1349,TY BIOMED
SCT_NUVA-16431002000106,VAC1350,T SIS BIOMED
SCT_NUVA-16441002000103,VAC1351,TETANA PRO
SCT_NUVA-16451002000101,VAC1352,TERATECT
SCT_NUVA-16461002000104,VAC1353,IL-YANG FLU VACCINE
SCT_NUVA-16471002000109,VAC1354,EUFORVAC
SCT_NUVA-16481002000107,VAC1355,EUPENTA
SCT_NUVA-16491002000105,VAC1356,EUVAX B 10 µg
SCT_NUVA-16501002000104,VAC1357,EUPOLIO
SCT_NUVA-16511002000101,VAC1358,SKYCELLFLU QUADRIVALENT
SCT_NUVA-16521002000107,VAC1359,SKYCELLFLU TRIVALENT
SCT_NUVA-16531002000105,VAC1360,HEPAMUNE B 10 µg
SCT_NUVA-16541002000102,VAC1361,HEPAMUNE B 20 µg
SCT_NUVA-16551002000100,VAC1362,SK TD
SCT_NUVA-16561002000103,VAC1363,HEPAVAX-GENE B 10 µg
SCT_NUVA-16571002000108,VAC1364,BIOHIB
SCT_NUVA-16581002000106,VAC1365,COMVAC5
SCT_NUVA-16591002000109,VAC1366,HILLCHOL
SCT_NUVA-16601002000103,VAC1367,HNVAC
SCT_NUVA-16611002000100,VAC1368,INCOVACC
SCT_NUVA-16621002000106,VAC1369,INDIRAB
SCT_NUVA-16631002000109,VAC1370,JENVAC
SCT_NUVA-16641002000101,VAC1371,REVAC-B MCF
SCT_NUVA-16651002000104,VAC1372,ROTAVAC
SCT_NUVA-16661002000102,VAC1373,ROTAVAC 5D
SCT_NUVA-16671002000107,VAC1374,TYPBAR-TCV
SCT_NUVA-16681002000105,VAC1375,TWINRAB
SCT_NUVA-16691002000108,VAC1376,ZYCOV-D
SCT_NUVA-16711002000106,VAC1377,VAXIFLU-4
SCT_NUVA-16721002000100,VAC1378,VACTYPH
SCT_NUVA-16731002000102,VAC1379,ZYVAC MMR
SCT_NUVA-16741002000105,VAC1380,ZYVAC TCV
SCT_NUVA-16751002000107,VAC1381,MEASLES AND RUBELLA VACCINE ZYDUS
SCT_NUVA-16771002000104,VAC1382,SKYTYPHOID
SCT_NUVA-16781002000101,VAC1383,CYVAC
SCT_NUVA-16791002000103,VAC1384,BARYCELA
SCT_NUVA-16801002000102,VAC1385,GC FLU QUADRIVALENT
SCT_NUVA-16811002000104,VAC1386,GCFLU
SCT_NUVA-16821002000105,VAC1387,SINSAVAC
SCT_NUVA-16831002000108,VAC1388,BIVAC POLIO
SCT_NUVA-16841002000100,VAC1389,INLIVE
SCT_NUVA-16851002000103,VAC1390,HEALIVE
SCT_NUVA-16861002000101,VAC1391,BILIVE
SCT_NUVA-16871002000106,VAC1392,23-VALENT SINOVAC
SCT_NUVA-16881002000109,VAC1393,PROVARIX
SCT_NUVA-16891002000107,VAC1394,POLIO SINOVAC VACCINE
SCT_NUVA-16901002000106,VAC1395,MUMPS SINOVAC VACCINE
SCT_NUVA-16911002000109,VAC1396,ANFLU
SCT_NUVA-16921002000103,VAC1397,PANFLU
SCT_NUVA-16931002000100,VAC1398,PANFLU.1
SCT_NUVA-16941002000108,VAC1399,TERTRANFLU
SCT_NUVA-16951002000105,VAC1400,SHANIPV
SCT_NUVA-16961002000107,VAC1401,9-VALENT HPV VACCINE INNOVAX
SCT_NUVA-16971002000102,VAC1402,EASYSIX
SCT_NUVA-16981002000104,VAC1403,EASYFIVE-TT
SCT_NUVA-16991002000101,VAC1404,EASYFOUR-TT
SCT_NUVA-17001002000107,VAC1405,EASYFOURPOL
SCT_NUVA-17011002000105,VAC1406,SPUTNIK V
SCT_NUVA-17021002000104,VAC1407,NOVOHIB
SCT_NUVA-17031002000101,VAC1408,ENIVACHB
SCT_NUVA-17041002000109,VAC1409,"COVID-19 mRNA vaccine, Omicron JN.1 subvariant, 50 micrograms per dose, multidose vial"
SCT_NUVA-17051002000106,VAC1410,"COVID-19 mRNA vaccine, Omicron JN.1 subvariant, 25 micrograms per dose, multidose vial"
SCT_NUVA-17061002000108,VAC1411,"COVID-19 mRNA vaccine, subvariant Omicron JN.1, 30 micrograms, adult dose (+ 12 years)"
SCT_NUVA-17071002000103,VAC1412,"COVID-19 mRNA vaccine, subvariant Omicron JN.1, 10 micrograms, paediatric dose (5-11 years)"
SCT_NUVA-17081002000100,VAC1413,"COVID-19 mRNA vaccine, subvariant Omicron JN.1, 3 micrograms, dose (6 months-4 years)"
SCT_NUVA-17091002000102,VAC1414,"COVID-19 vaccine, protein subunit, recombinant spike protein nanoparticles, with adjuvant (Matrix M), Omicron JN.1 subvariant"
SCT_NUVA-17101002000106,VAC1415,Polyvalent vaccine against  pus bacterium Pseudomonas aeruginosa
SCT_NUVA-17111002000109,VAC1416,"COVID-19 mRNA vaccine, subvariant Omicron KP.2, 3 micrograms, paediatric dose (6 months-4 years)"
SCT_NUVA-17121002000103,VAC1417,"COVID-19 mRNA vaccine, subvariant Omicron KP.2, 10 micrograms, paediatric dose (5-11 years)"
SCT_NUVA-17131002000100,VAC1418,"COVID-19 mRNA vaccine, subvariant Omicron KP.2, 30 micrograms, adult (+ 12 years)"
SCT_NUVA-17141002000108,VAC1419,"Chikungunya VLP vaccine (recombinant, adsorbed)"
SCT_NUVA-17151002000105,VAC1420,Single-stranded 5' capped mRNA encoding the Respiratory syncytial virus glycoprotein F stabilized in the prefusion conformation
SCT_NUVA-17161002000107,VAC1421,"COVID-19 vaccine, mRNA encoding the SARS-CoV-2 spike protein, original virus"
SCT_NUVA-17171002000102,VAC1422,"COVID-19 protein subunit vaccine, recombinant N protein"
SCT_NUVA-17181002000104,VAC1423,Live attenuated influenza A(H1N1)pdm09 pandemic vaccine
SCT_NUVA-17191002000101,VAC1424,"10-valent pneumococcal polysaccharide conjugate vaccine, serotypes 1, 5, 6A, 6B, 7F, 9V, 14, 19A, 19F and 23F"
SCT_NUVA-17201002000103,VAC1425,"Typhoid vaccine, Vi antigen conjugated to CRM197 protein"
SCT_NUVA-17211002000100,VAC1426,Bivalent recombinant vaccine against human papillomavirus (types 16 and 18) (Pichia pastoris)
SCT_NUVA-17221002000106,VAC1427,"Whole inactivated Japanese encephalitis vaccine, prepared in Vero cells, 6 micrograms"
SCT_NUVA-17231002000109,VAC1428,"COVID-19 vaccine, protein subunit, recombinant homodimeric RBD protein, Omicron variant XBB.1.16, with adjuvant (SQBA)"
SCT_NUVA-17241002000101,VAC1429,TETANEA
